order,outcome,model,term,term_role,omitted_country_id,omitted_country_code,omitted_country_name,omitted_observations,coefficient,standard_error,t_statistic,p_value,ci_lower,ci_upper,reference_coefficient,reference_standard_error,reference_p_cluster,reference_p_bootstrap,absolute_coefficient_difference,relative_absolute_difference,deviation_in_reference_se,sign_match,significant_5,reference_significant_5,observations,reference_observations,countries,clusters
122,DIVX,T1,c.t1_rents#c.t1_inst,interaction,8,BOL,Bolivia,22,-.0002399549140003,.001064482,-.2254194,.82255387,-.0023769918,.0018970821,-.00025017295,.0010669918,.81554425,.82868284,.00001021802,.04084383,.0095764752,1,0,0,1126,1148,52,52
154,DIVX,T1,c.t1_rents#c.t1_inst,interaction,24,IDN,Indonesia,22,-.0002895838516525,.0010660429,-.27164373,.78699261,-.0024297542,.0018505865,-.00025017295,.0010669918,.81554425,.82868284,.000039410916,.1575347,.036936477,1,0,0,1126,1148,52,52
126,DIVX,T1,c.t1_rents#c.t1_inst,interaction,10,CAF,Central African Republic,22,-.0002650499424569,.0010667273,-.24847019,.80476844,-.0024065946,.0018764946,-.00025017295,.0010669918,.81554425,.82868284,.000014877008,.059466898,.013942945,1,0,0,1126,1148,52,52
206,DIVX,T1,c.t1_rents#c.t1_inst,interaction,52,VNM,Vietnam,22,-.0002601171617806,.0010687719,-.24337947,.80868775,-.0024057664,.0018855321,-.00025017295,.0010669918,.81554425,.82868284,9.9442277e-06,.039749414,.0093198726,1,0,0,1126,1148,52,52
156,DIVX,T1,c.t1_rents#c.t1_inst,interaction,25,IND,India,22,-.0002542410594435,.0010675204,-.2381604,.812711,-.0023973775,.0018888954,-.00025017295,.0010669918,.81554425,.82868284,4.0681252e-06,.016261252,.0038127052,1,0,0,1126,1148,52,52
194,DIVX,T1,c.t1_rents#c.t1_inst,interaction,46,SUR,Suriname,20,-.0005903043897203,.0010143603,-.58194745,.56316584,-.0026267176,.0014461089,-.00025017295,.0010669918,.81554425,.82868284,.00034013146,1.3595854,.31877607,1,0,0,1128,1148,52,52
196,DIVX,T1,c.t1_rents#c.t1_inst,interaction,47,SYC,Seychelles,22,-.000276604923635,.0010595254,-.26106495,.79509377,-.0024036909,.001850481,-.00025017295,.0010669918,.81554425,.82868284,.00002643199,.10565487,.024772439,1,0,0,1126,1148,52,52
202,DIVX,T1,c.t1_rents#c.t1_inst,interaction,50,TTO,Trinidad and Tobago,22,-.0002740366784501,.0010742627,-.2550928,.79967737,-.0024307091,.0018826358,-.00025017295,.0010669918,.81554425,.82868284,.000023863744,.095388994,.022365443,1,0,0,1126,1148,52,52
160,DIVX,T1,c.t1_rents#c.t1_inst,interaction,27,IRQ,Iraq,22,-.0000283223991468,.0012734988,-.022239832,.98234344,-.0025849778,.0025283331,-.00025017295,.0010669918,.81554425,.82868284,.00022185054,.88678873,.2079215,1,0,0,1126,1148,52,52
108,DIVX,T1,c.t1_rents#c.t1_inst,interaction,1,AGO,Angola,22,-.0002789642267737,.0011544153,-.24164981,.81002051,-.0025965497,.0020386211,-.00025017295,.0010669918,.81554425,.82868284,.000028791292,.11508556,.026983611,1,0,0,1126,1148,52,52
134,DIVX,T1,c.t1_rents#c.t1_inst,interaction,14,COG,Republic of the Congo,20,-.000625281099633,.001019907,-.61307657,.54255021,-.0026728299,.0014222676,-.00025017295,.0010669918,.81554425,.82868284,.00037510815,1.4993955,.35155675,1,0,0,1128,1148,52,52
146,DIVX,T1,c.t1_rents#c.t1_inst,interaction,20,GHA,Ghana,22,-.0002464960889385,.0010667645,-.23106889,.81818581,-.0023881153,.001895123,-.00025017295,.0010669918,.81554425,.82868284,3.6768454e-06,.014697215,.0034459922,1,0,0,1126,1148,52,52
172,DIVX,T1,c.t1_rents#c.t1_inst,interaction,33,LBY,Libya,22,.0003226860478885,.0010871595,.29681575,.76781267,-.0018598777,.0025052498,-.00025017295,.0010669918,.81554425,.82868284,.00057285896,2.2898519,.53689164,0,0,0,1126,1148,52,52
164,DIVX,T1,c.t1_rents#c.t1_inst,interaction,29,JAM,Jamaica,22,-.0002232410642446,.0010699038,-.20865527,.83554852,-.0023711626,.0019246804,-.00025017295,.0010669918,.81554425,.82868284,.00002693187,.10765301,.025240934,1,0,0,1126,1148,52,52
212,DIVX,T1,c.t1_rents#c.t1_inst,interaction,55,ZMB,Zambia,22,-.000283038722141,.0010606105,-.26686397,.79065001,-.0024123031,.0018462257,-.00025017295,.0010669918,.81554425,.82868284,.000032865788,.13137227,.030802287,1,0,0,1126,1148,52,52
184,DIVX,T1,c.t1_rents#c.t1_inst,interaction,40,PER,Peru,22,-.0002506640115212,.001066227,-.23509443,.81507683,-.002391204,.001889876,-.00025017295,.0010669918,.81554425,.82868284,4.9107723e-07,.0019629512,.0004602446,1,0,0,1126,1148,52,52
144,DIVX,T1,c.t1_rents#c.t1_inst,interaction,19,GAB,Gabon,22,-.000227685360757,.0010716874,-.212455,.83259898,-.0023791876,.001923817,-.00025017295,.0010669918,.81554425,.82868284,.000022487573,.089888118,.021075675,1,0,0,1126,1148,52,52
200,DIVX,T1,c.t1_rents#c.t1_inst,interaction,49,TGO,Togo,22,-.000274261825519,.0010716496,-.25592491,.79903829,-.0024256881,.0018771645,-.00025017295,.0010669918,.81554425,.82868284,.000024088891,.096288957,.022576453,1,0,0,1126,1148,52,52
116,DIVX,T1,c.t1_rents#c.t1_inst,interaction,5,AUS,Australia,22,-.0000649685609954,.0010761023,-.060373969,.95209378,-.0022253338,.0020953969,-.00025017295,.0010669918,.81554425,.82868284,.00018520438,.74030542,.17357619,1,0,0,1126,1148,52,52
192,DIVX,T1,c.t1_rents#c.t1_inst,interaction,44,SAU,Saudi Arabia,22,-.0000871330998984,.0010706494,-.081383415,.93545556,-.0022365514,.0020622851,-.00025017295,.0010669918,.81554425,.82868284,.00016303983,.65170854,.15280327,1,0,0,1126,1148,52,52
162,DIVX,T1,c.t1_rents#c.t1_inst,interaction,28,ISR,Israel,22,-.0002697086269583,.0010669837,-.25277671,.80145687,-.0024117678,.0018723505,-.00025017295,.0010669918,.81554425,.82868284,.000019535693,.078088753,.018309131,1,0,0,1126,1148,52,52
168,DIVX,T1,c.t1_rents#c.t1_inst,interaction,31,KWT,Kuwait,22,-.0006262303378791,.0010640559,-.58853137,.55877328,-.002762412,.0015099512,-.00025017295,.0010669918,.81554425,.82868284,.0003760574,1.5031898,.35244638,1,0,0,1126,1148,52,52
182,DIVX,T1,c.t1_rents#c.t1_inst,interaction,39,OMN,Oman,22,.0003301407977809,.0010070881,.32781717,.74439192,-.0016916731,.0023519546,-.00025017295,.0010669918,.81554425,.82868284,.00058031373,2.3196504,.54387832,0,0,0,1126,1148,52,52
170,DIVX,T1,c.t1_rents#c.t1_inst,interaction,32,LBR,Liberia,20,-.0000192528779955,.001075923,-.01789429,.98579299,-.0021792583,.0021407527,-.00025017295,.0010669918,.81554425,.82868284,.00023092005,.9230417,.21642159,1,0,0,1128,1148,52,52
190,DIVX,T1,c.t1_rents#c.t1_inst,interaction,43,RUS,Russian Federation,22,-.000267629532862,.0010691696,-.25031531,.80334914,-.0024140773,.0018788181,-.00025017295,.0010669918,.81554425,.82868284,.000017456599,.069778129,.016360573,1,0,0,1126,1148,52,52
148,DIVX,T1,c.t1_rents#c.t1_inst,interaction,21,GIN,Guinea,22,-.0001810904628607,.0010708384,-.16911091,.86637837,-.0023308883,.0019687074,-.00025017295,.0010669918,.81554425,.82868284,.000069082475,.27613887,.064745083,1,0,0,1126,1148,52,52
180,DIVX,T1,c.t1_rents#c.t1_inst,interaction,37,NOR,Norway,22,-.0001804920995434,.0011169882,-.16158819,.87226862,-.0024229395,.0020619554,-.00025017295,.0010669918,.81554425,.82868284,.000069680835,.27853066,.065305874,1,0,0,1126,1148,52,52
140,DIVX,T1,c.t1_rents#c.t1_inst,interaction,17,ECU,Ecuador,22,-.0002741188028674,.0010658684,-.25717884,.7980755,-.002413939,.0018657014,-.00025017295,.0010669918,.81554425,.82868284,.000023945868,.095717266,.022442412,1,0,0,1126,1148,52,52
186,DIVX,T1,c.t1_rents#c.t1_inst,interaction,41,PNG,Papua New Guinea,22,-.0002425000182803,.0010727012,-.22606483,.82205456,-.0023960376,.0019110375,-.00025017295,.0010669918,.81554425,.82868284,7.6729157e-06,.030670447,.0071911667,1,0,0,1126,1148,52,52
130,DIVX,T1,c.t1_rents#c.t1_inst,interaction,12,CMR,Cameroon,22,-.0002828927457911,.0010672803,-.26505947,.79203206,-.0024255475,.0018597619,-.00025017295,.0010669918,.81554425,.82868284,.00003271981,.13078877,.030665476,1,0,0,1126,1148,52,52
204,DIVX,T1,c.t1_rents#c.t1_inst,interaction,51,VEN,Venezuela,16,-.0004445514816851,.0010542569,-.42167282,.67503595,-.0025610605,.0016719576,-.00025017295,.0010669918,.81554425,.82868284,.00019437855,.7769767,.18217435,1,0,0,1132,1148,52,52
128,DIVX,T1,c.t1_rents#c.t1_inst,interaction,11,CHL,Chile,22,-.0002074019028005,.0011336713,-.18294713,.85556483,-.0024833421,.0020685382,-.00025017295,.0010669918,.81554425,.82868284,.000042771033,.17096587,.040085625,1,0,0,1126,1148,52,52
124,DIVX,T1,c.t1_rents#c.t1_inst,interaction,9,BRN,Brunei,22,-.0001957915108119,.0010998524,-.17801617,.85941547,-.0024038374,.0020122544,-.00025017295,.0010669918,.81554425,.82868284,.000054381424,.21737532,.050967049,1,0,0,1126,1148,52,52
152,DIVX,T1,c.t1_rents#c.t1_inst,interaction,23,GUY,Guyana,22,-.0002456002954422,.0010680183,-.22995889,.81904358,-.0023897365,.0018985359,-.00025017295,.0010669918,.81554425,.82868284,4.5726388e-06,.018277911,.0042855428,1,0,0,1126,1148,52,52
150,DIVX,T1,c.t1_rents#c.t1_inst,interaction,22,GMB,The Gambia,22,-.0002662826496306,.0010640939,-.25024354,.80340433,-.0024025403,.0018699751,-.00025017295,.0010669918,.81554425,.82868284,.000016109716,.064394318,.015098256,1,0,0,1126,1148,52,52
158,DIVX,T1,c.t1_rents#c.t1_inst,interaction,26,IRN,Iran,22,-.0003279155571093,.0010781935,-.30413422,.76226312,-.0024924795,.0018366483,-.00025017295,.0010669918,.81554425,.82868284,.000077742625,.31075552,.0728615,1,0,0,1126,1148,52,52
142,DIVX,T1,c.t1_rents#c.t1_inst,interaction,18,EGY,Egypt,22,-.0002505287128982,.0010669449,-.23480941,.81529689,-.00239251,.0018914526,-.00025017295,.0010669918,.81554425,.82868284,3.5577861e-07,.0014221306,.00033344081,1,0,0,1126,1148,52,52
138,DIVX,T1,c.t1_rents#c.t1_inst,interaction,16,DZA,Algeria,22,-.0002456913097528,.0010701172,-.22959289,.81932646,-.0023940413,.0019026587,-.00025017295,.0010669918,.81554425,.82868284,4.4816247e-06,.017914107,.0042002429,1,0,0,1126,1148,52,52
132,DIVX,T1,c.t1_rents#c.t1_inst,interaction,13,COD,Democratic Republic of the Congo,20,-.0000709138366945,.0010790781,-.065717064,.94786,-.0022372534,.0020954257,-.00025017295,.0010669918,.81554425,.82868284,.00017925909,.71654075,.1680042,1,0,0,1128,1148,52,52
210,DIVX,T1,c.t1_rents#c.t1_inst,interaction,54,ZAF,South Africa,22,-.0002402150788446,.0010684695,-.22482166,.82301641,-.002385257,.001904827,-.00025017295,.0010669918,.81554425,.82868284,9.9578556e-06,.039803889,.0093326448,1,0,0,1126,1148,52,52
178,DIVX,T1,c.t1_rents#c.t1_inst,interaction,36,NGA,Nigeria,22,-.0002624279196042,.0010765924,-.24375793,.80839622,-.0024237772,.0018989213,-.00025017295,.0010669918,.81554425,.82868284,.000012254985,.048986055,.011485548,1,0,0,1126,1148,52,52
208,DIVX,T1,c.t1_rents#c.t1_inst,interaction,53,YEM,Yemen,18,-.0006020467530984,.0010128214,-.59442538,.55485559,-.0026353705,.001431277,-.00025017295,.0010669918,.81554425,.82868284,.00035187381,1.4065223,.32978117,1,0,0,1130,1148,52,52
188,DIVX,T1,c.t1_rents#c.t1_inst,interaction,42,QAT,Qatar,22,-.0003408162016152,.0011724437,-.29068875,.77246821,-.0026945951,.0020129627,-.00025017295,.0010669918,.81554425,.82868284,.000090643269,.36232245,.084952168,1,0,0,1126,1148,52,52
120,DIVX,T1,c.t1_rents#c.t1_inst,interaction,7,BHR,Bahrain,22,-.0003046709226608,.0010814879,-.28171459,.77930236,-.0024758484,.0018665066,-.00025017295,.0010669918,.81554425,.82868284,.000054497988,.21784127,.051076297,1,0,0,1126,1148,52,52
118,DIVX,T1,c.t1_rents#c.t1_inst,interaction,6,BDI,Burundi,22,-.0002911503665006,.0010635362,-.27375689,.78537714,-.0024262883,.0018439876,-.00025017295,.0010669918,.81554425,.82868284,.000040977433,.16379642,.038404636,1,0,0,1126,1148,52,52
114,DIVX,T1,c.t1_rents#c.t1_inst,interaction,4,ATG,Antigua and Barbuda,22,-.00023446402262,.0010811484,-.21686573,.82917821,-.0024049599,.0019360319,-.00025017295,.0010669918,.81554425,.82868284,.000015708913,.062792212,.014722617,1,0,0,1126,1148,52,52
174,DIVX,T1,c.t1_rents#c.t1_inst,interaction,34,MNG,Mongolia,22,-.0002588461100354,.0010643539,-.24319553,.80882943,-.0023956257,.0018779335,-.00025017295,.0010669918,.81554425,.82868284,8.6731761e-06,.034668721,.0081286244,1,0,0,1126,1148,52,52
112,DIVX,T1,c.t1_rents#c.t1_inst,interaction,3,ARE,United Arab Emirates,22,-.0002750124149342,.0011246864,-.24452361,.80780643,-.0025329147,.0019828898,-.00025017295,.0010669918,.81554425,.82868284,.000024839481,.099289238,.023279916,1,0,0,1126,1148,52,52
198,DIVX,T1,c.t1_rents#c.t1_inst,interaction,48,SYR,Syria,22,-.0002906265894689,.0010768124,-.26989529,.7883299,-.0024524175,.0018711644,-.00025017295,.0010669918,.81554425,.82868284,.000040453655,.16170277,.037913743,1,0,0,1126,1148,52,52
110,DIVX,T1,c.t1_rents#c.t1_inst,interaction,2,ALB,Albania,22,-.0002886355047482,.0010666217,-.27060717,.78778535,-.002429968,.001852697,-.00025017295,.0010669918,.81554425,.82868284,.000038462571,.15374394,.036047671,1,0,0,1126,1148,52,52
176,DIVX,T1,c.t1_rents#c.t1_inst,interaction,35,MRT,Mauritania,22,-.0002393265940377,.0010868516,-.22020172,.82659316,-.0024212722,.0019426191,-.00025017295,.0010669918,.81554425,.82868284,.00001084634,.043355372,.010165346,1,0,0,1126,1148,52,52
166,DIVX,T1,c.t1_rents#c.t1_inst,interaction,30,JOR,Jordan,22,-.0002477471364859,.0010665109,-.23229685,.81723714,-.0023888571,.0018933628,-.00025017295,.0010669918,.81554425,.82868284,2.4257979e-06,.0096964836,.0022734925,1,0,0,1126,1148,52,52
136,DIVX,T1,c.t1_rents#c.t1_inst,interaction,15,COL,Colombia,22,-.0002683019675625,.0010629373,-.2524156,.80173439,-.0024022378,.0018656339,-.00025017295,.0010669918,.81554425,.82868284,.000018129032,.072466008,.01699079,1,0,0,1126,1148,52,52
159,DIVX,T1,t1_rents,rents,27,IRQ,Iraq,22,-.0044763663477307,.001298436,-3.4475064,.001142293,-.0070830854,-.0018696474,-.0044862321,.0012831953,.00097474671,.0020002001,9.8657829e-06,.0021991243,.0076884492,1,1,1,1126,1148,52,52
117,DIVX,T1,t1_rents,rents,6,BDI,Burundi,22,-.0045355923008256,.0012918666,-3.5108826,.00094391144,-.007129123,-.0019420617,-.0044862321,.0012831953,.00097474671,.0020002001,.000049360169,.01100259,.038466606,1,1,1,1126,1148,52,52
197,DIVX,T1,t1_rents,rents,48,SYR,Syria,22,-.0046852404592178,.0012826227,-3.6528597,.00061189051,-.0072602127,-.002110268,-.0044862321,.0012831953,.00097474671,.0020002001,.00019900833,.044359792,.1550881,1,1,1,1126,1148,52,52
115,DIVX,T1,t1_rents,rents,5,AUS,Australia,22,-.0042602720735528,.0012713756,-3.3509154,.0015225561,-.0068126651,-.0017078791,-.0044862321,.0012831953,.00097474671,.0020002001,.00022596006,.050367445,.1760917,1,1,1,1126,1148,52,52
135,DIVX,T1,t1_rents,rents,15,COL,Colombia,22,-.0044669540008857,.0012818113,-3.4848764,.0010209811,-.0070402976,-.0018936105,-.0044862321,.0012831953,.00097474671,.0020002001,.00001927813,.0042971759,.015023534,1,1,1,1126,1148,52,52
145,DIVX,T1,t1_rents,rents,20,GHA,Ghana,22,-.0044381850326621,.0013001403,-3.41362,.0012640478,-.0070483256,-.0018280444,-.0044862321,.0012831953,.00097474671,.0020002001,.000048047099,.0107099,.037443321,1,1,1,1126,1148,52,52
167,DIVX,T1,t1_rents,rents,31,KWT,Kuwait,22,-.0048287049284452,.0013323969,-3.6240742,.00066854869,-.0075036031,-.0021538066,-.0044862321,.0012831953,.00097474671,.0020002001,.00034247281,.076338626,.26689062,1,1,1,1126,1148,52,52
183,DIVX,T1,t1_rents,rents,40,PER,Peru,22,-.0044612021551513,.0012894333,-3.459816,.0011008932,-.0070498474,-.0018725567,-.0044862321,.0012831953,.00097474671,.0020002001,.000025029974,.0055792867,.019505974,1,1,1,1126,1148,52,52
175,DIVX,T1,t1_rents,rents,35,MRT,Mauritania,22,-.0049049328855252,.0012791129,-3.8346364,.00034717377,-.0074728592,-.0023370066,-.0044862321,.0012831953,.00097474671,.0020002001,.00041870074,.09333016,.32629541,1,1,1,1126,1148,52,52
199,DIVX,T1,t1_rents,rents,49,TGO,Togo,22,-.0044826878638932,.0012956668,-3.4597538,.0011010992,-.0070838477,-.0018815283,-.0044862321,.0012831953,.00097474671,.0020002001,3.5442663e-06,.00079003186,.0027620629,1,1,1,1126,1148,52,52
209,DIVX,T1,t1_rents,rents,54,ZAF,South Africa,22,-.0044727461502663,.0012858837,-3.4783442,.0010412618,-.0070542656,-.0018912269,-.0044862321,.0012831953,.00097474671,.0020002001,.00001348598,.0030060816,.010509686,1,1,1,1126,1148,52,52
125,DIVX,T1,t1_rents,rents,10,CAF,Central African Republic,22,-.0044470949634764,.0012980162,-3.4260707,.0012179444,-.0070529711,-.0018412189,-.0044862321,.0012831953,.00097474671,.0020002001,.000039137165,.0087238392,.030499771,1,1,1,1126,1148,52,52
147,DIVX,T1,t1_rents,rents,21,GIN,Guinea,22,-.0043724516629347,.0012973605,-3.3702674,.001437856,-.0069770114,-.0017678918,-.0044862321,.0012831953,.00097474671,.0020002001,.00011378046,.025362145,.088669635,1,1,1,1126,1148,52,52
179,DIVX,T1,t1_rents,rents,37,NOR,Norway,22,-.0044473877287663,.0012945251,-3.4355361,.0011839693,-.0070462553,-.0018485201,-.0044862321,.0012831953,.00097474671,.0020002001,.000038844402,.0086585805,.03027162,1,1,1,1126,1148,52,52
157,DIVX,T1,t1_rents,rents,26,IRN,Iran,22,-.0046198086223019,.0013127453,-3.5191965,.0009204665,-.0072552548,-.0019843625,-.0044862321,.0012831953,.00097474671,.0020002001,.0001335765,.029774761,.10409677,1,1,1,1126,1148,52,52
151,DIVX,T1,t1_rents,rents,23,GUY,Guyana,22,-.0044205287237725,.0013029458,-3.3927188,.0013451927,-.0070363018,-.0018047558,-.0044862321,.0012831953,.00097474671,.0020002001,.000065703403,.014645565,.051202964,1,1,1,1126,1148,52,52
133,DIVX,T1,t1_rents,rents,14,COG,Republic of the Congo,20,-.0043754835897513,.001299297,-3.3675778,.0014493546,-.0069839312,-.001767036,-.0044862321,.0012831953,.00097474671,.0020002001,.00011074854,.024686316,.08630684,1,1,1,1128,1148,52,52
143,DIVX,T1,t1_rents,rents,19,GAB,Gabon,22,-.0042999916920672,.0013244137,-3.2467134,.0020660677,-.0069588632,-.0016411202,-.0044862321,.0012831953,.00097474671,.0020002001,.00018624043,.041513778,.14513803,1,1,1,1126,1148,52,52
141,DIVX,T1,t1_rents,rents,18,EGY,Egypt,22,-.0044850198340023,.0012846257,-3.4913046,.0010013919,-.0070640137,-.0019060259,-.0044862321,.0012831953,.00097474671,.0020002001,1.2122963e-06,.00027022592,.000944748,1,1,1,1126,1148,52,52
187,DIVX,T1,t1_rents,rents,42,QAT,Qatar,22,-.0046755088148243,.0013847753,-3.3763666,.0014121002,-.0074555608,-.0018954566,-.0044862321,.0012831953,.00097474671,.0020002001,.00018927669,.04219057,.14750418,1,1,1,1126,1148,52,52
129,DIVX,T1,t1_rents,rents,12,CMR,Cameroon,22,-.0045580117949028,.001287779,-3.5394366,.00086568884,-.0071433359,-.0019726877,-.0044862321,.0012831953,.00097474671,.0020002001,.000071779665,.01599999,.055938218,1,1,1,1126,1148,52,52
191,DIVX,T1,t1_rents,rents,44,SAU,Saudi Arabia,22,-.0041428736765068,.0013191209,-3.1406324,.0028043154,-.006791119,-.0014946281,-.0044862321,.0012831953,.00097474671,.0020002001,.00034335846,.076536044,.26758081,1,1,1,1126,1148,52,52
181,DIVX,T1,t1_rents,rents,39,OMN,Oman,22,-.0038288126065965,.0012538984,-3.0535271,.0035891712,-.0063461186,-.0013115067,-.0044862321,.0012831953,.00097474671,.0020002001,.0006574195,.14654158,.51233006,1,1,1,1126,1148,52,52
207,DIVX,T1,t1_rents,rents,53,YEM,Yemen,18,-.0039483840710633,.0012126716,-3.2559385,.0020113888,-.006382924,-.0015138444,-.0044862321,.0012831953,.00097474671,.0020002001,.00053784804,.1198886,.41914743,1,1,1,1130,1148,52,52
153,DIVX,T1,t1_rents,rents,24,IDN,Indonesia,22,-.0045467942857261,.0012872122,-3.53228,.0008846916,-.007130981,-.0019626077,-.0044862321,.0012831953,.00097474671,.0020002001,.000060562157,.013499559,.047196362,1,1,1,1126,1148,52,52
149,DIVX,T1,t1_rents,rents,22,GMB,The Gambia,22,-.0043587493350894,.0012884202,-3.3830187,.0013845098,-.0069453609,-.0017721379,-.0044862321,.0012831953,.00097474671,.0020002001,.0001274828,.028416451,.099347919,1,1,1,1126,1148,52,52
137,DIVX,T1,t1_rents,rents,16,DZA,Algeria,22,-.0044365655068159,.0012926707,-3.4320927,.0011962239,-.0070317104,-.0018414208,-.0044862321,.0012831953,.00097474671,.0020002001,.000049666622,.011070899,.038705427,1,1,1,1126,1148,52,52
169,DIVX,T1,t1_rents,rents,32,LBR,Liberia,20,-.0046035356071056,.0012961581,-3.5516775,.00083408481,-.0072056814,-.0020013896,-.0044862321,.0012831953,.00097474671,.0020002001,.00011730348,.026147438,.09141513,1,1,1,1128,1148,52,52
111,DIVX,T1,t1_rents,rents,3,ARE,United Arab Emirates,22,-.0045200733757335,.0013244066,-3.4129045,.0012667467,-.0071789306,-.0018612162,-.0044862321,.0012831953,.00097474671,.0020002001,.000033841246,.0075433557,.026372636,1,1,1,1126,1148,52,52
139,DIVX,T1,t1_rents,rents,17,ECU,Ecuador,22,-.0044921381689322,.0012809697,-3.5068264,.00095555611,-.0070637921,-.0019204842,-.0044862321,.0012831953,.00097474671,.0020002001,5.9060385e-06,.0013164808,.0046026027,1,1,1,1126,1148,52,52
155,DIVX,T1,t1_rents,rents,25,IND,India,22,-.0044865106875729,.001289294,-3.4798195,.0010366476,-.0070748767,-.001898145,-.0044862321,.0012831953,.00097474671,.0020002001,2.7855731e-07,.000062091596,.00021708097,1,1,1,1126,1148,52,52
193,DIVX,T1,t1_rents,rents,46,SUR,Suriname,20,-.0049244881164773,.0012514072,-3.9351604,.0002524218,-.0074367928,-.0024121832,-.0044862321,.0012831953,.00097474671,.0020002001,.00043825599,.0976891,.34153488,1,1,1,1128,1148,52,52
161,DIVX,T1,t1_rents,rents,28,ISR,Israel,22,-.0045531982089334,.0012952414,-3.5153279,.00093130569,-.0071535036,-.0019528926,-.0044862321,.0012831953,.00097474671,.0020002001,.00006696608,.01492702,.05218697,1,1,1,1126,1148,52,52
107,DIVX,T1,t1_rents,rents,1,AGO,Angola,22,-.0046860167089453,.001282836,-3.6528575,.00061189459,-.0072614173,-.0021106161,-.0044862321,.0012831953,.00097474671,.0020002001,.00019978458,.044532821,.15569302,1,1,1,1126,1148,52,52
109,DIVX,T1,t1_rents,rents,2,ALB,Albania,22,-.0044624348787789,.0012940562,-3.4484091,.0011392079,-.0070603611,-.0018645087,-.0044862321,.0012831953,.00097474671,.0020002001,.000023797251,.0053045074,.018545307,1,1,1,1126,1148,52,52
177,DIVX,T1,t1_rents,rents,36,NGA,Nigeria,22,-.0043884144016522,.0012844036,-3.4166942,.0012525128,-.0069669625,-.0018098665,-.0044862321,.0012831953,.00097474671,.0020002001,.000097817727,.021803983,.076229803,1,1,1,1126,1148,52,52
171,DIVX,T1,t1_rents,rents,33,LBY,Libya,22,-.0048427153130373,.001341372,-3.6102703,.000697468,-.0075356318,-.0021497987,-.0044862321,.0012831953,.00097474671,.0020002001,.00035648319,.079461597,.27780896,1,1,1,1126,1148,52,52
211,DIVX,T1,t1_rents,rents,55,ZMB,Zambia,22,-.004381767546449,.0012888955,-3.3996298,.0013178297,-.0069693332,-.0017942018,-.0044862321,.0012831953,.00097474671,.0020002001,.00010446458,.023285596,.081409723,1,1,1,1126,1148,52,52
173,DIVX,T1,t1_rents,rents,34,MNG,Mongolia,22,-.0045527437312648,.0013584186,-3.3515029,.0015199168,-.0072798827,-.0018256046,-.0044862321,.0012831953,.00097474671,.0020002001,.000066511602,.014825716,.051832795,1,1,1,1126,1148,52,52
113,DIVX,T1,t1_rents,rents,4,ATG,Antigua and Barbuda,22,-.0045208261264686,.0013040992,-3.4666274,.0010786027,-.0071389144,-.0019027378,-.0044862321,.0012831953,.00097474671,.0020002001,.000034593995,.007711147,.026959259,1,1,1,1126,1148,52,52
127,DIVX,T1,t1_rents,rents,11,CHL,Chile,22,-.004441475582891,.0013263574,-3.3486269,.0015328806,-.0071042492,-.0017787021,-.0044862321,.0012831953,.00097474671,.0020002001,.000044756547,.0099764224,.03487898,1,1,1,1126,1148,52,52
163,DIVX,T1,t1_rents,rents,29,JAM,Jamaica,22,-.0045008236362084,.0012964595,-3.471627,.0010625162,-.0071035745,-.0018980727,-.0044862321,.0012831953,.00097474671,.0020002001,.000014591506,.0032525081,.011371227,1,1,1,1126,1148,52,52
185,DIVX,T1,t1_rents,rents,41,PNG,Papua New Guinea,22,-.0045573268942715,.0012924052,-3.526237,.00090104714,-.0071519385,-.0019627153,-.0044862321,.0012831953,.00097474671,.0020002001,.000071094764,.015847322,.055404473,1,1,1,1126,1148,52,52
205,DIVX,T1,t1_rents,rents,52,VNM,Vietnam,22,-.0044972874942925,.0012875468,-3.4929118,.00099655031,-.0070821457,-.0019124293,-.0044862321,.0012831953,.00097474671,.0020002001,.000011055364,.0024642872,.0086154956,1,1,1,1126,1148,52,52
189,DIVX,T1,t1_rents,rents,43,RUS,Russian Federation,22,-.0045292920157115,.0012870941,-3.519006,.00092099718,-.0071132411,-.0019453428,-.0044862321,.0012831953,.00097474671,.0020002001,.000043059885,.0095982291,.033556763,1,1,1,1126,1148,52,52
123,DIVX,T1,t1_rents,rents,9,BRN,Brunei,22,-.0044710690891038,.0013195671,-3.3882849,.0013630309,-.0071202107,-.0018219277,-.0044862321,.0012831953,.00097474671,.0020002001,.000015163041,.0033799056,.011816627,1,1,1,1126,1148,52,52
131,DIVX,T1,t1_rents,rents,13,COD,Democratic Republic of the Congo,20,-.0042735655346143,.0012738714,-3.3547857,.0015052473,-.0068309694,-.001716162,-.0044862321,.0012831953,.00097474671,.0020002001,.00021266659,.047404278,.16573204,1,1,1,1128,1148,52,52
119,DIVX,T1,t1_rents,rents,7,BHR,Bahrain,22,-.0045502147407258,.0013044408,-3.4882495,.0010106572,-.0071689887,-.0019314407,-.0044862321,.0012831953,.00097474671,.0020002001,.00006398261,.014261993,.049861938,1,1,1,1126,1148,52,52
121,DIVX,T1,t1_rents,rents,8,BOL,Bolivia,22,-.0044081106259928,.0012741379,-3.459681,.0011013394,-.0069660493,-.0018501722,-.0044862321,.0012831953,.00097474671,.0020002001,.000078121506,.017413612,.060880445,1,1,1,1126,1148,52,52
165,DIVX,T1,t1_rents,rents,30,JOR,Jordan,22,-.0044622925100801,.0012932759,-3.4503796,.0011324995,-.0070586521,-.001865933,-.0044862321,.0012831953,.00097474671,.0020002001,.000023939619,.0053362418,.018656256,1,1,1,1126,1148,52,52
203,DIVX,T1,t1_rents,rents,51,VEN,Venezuela,16,-.0048119057742519,.0012389992,-3.8837039,.00029728998,-.0072993003,-.0023245113,-.0044862321,.0012831953,.00097474671,.0020002001,.00032567364,.072594024,.25379896,1,1,1,1132,1148,52,52
201,DIVX,T1,t1_rents,rents,50,TTO,Trinidad and Tobago,22,-.0045313191254135,.0012932615,-3.5037916,.00096435717,-.0071276501,-.0019349882,-.0044862321,.0012831953,.00097474671,.0020002001,.000045086996,.010050081,.035136502,1,1,1,1126,1148,52,52
195,DIVX,T1,t1_rents,rents,47,SYC,Seychelles,22,-.0043662535595044,.0012848646,-3.3982208,.001323365,-.0069457269,-.0017867803,-.0044862321,.0012831953,.00097474671,.0020002001,.00011997857,.026743729,.093499847,1,1,1,1126,1148,52,52
385,DIVX,T2,t2_ma3_rents,rents,34,MNG,Mongolia,18,-.0063202028204114,.0018225423,-3.4677949,.0010748259,-.0099791093,-.0026612964,-.0060437466,.0017769729,.0012971114,.0047004703,.00027645606,.045742497,.15557697,1,1,1,915,933,52,52
333,DIVX,T2,t2_ma3_rents,rents,8,BOL,Bolivia,18,-.006045279944238,.0017742782,-3.407177,.0012885524,-.0096072918,-.0024832676,-.0060437466,.0017769729,.0012971114,.0047004703,1.5331801e-06,.00025368042,.00086280447,1,1,1,915,933,52,52
387,DIVX,T2,t2_ma3_rents,rents,35,MRT,Mauritania,18,-.0065646953129777,.0017881694,-3.6711822,.00057825376,-.010154596,-.0029747954,-.0060437466,.0017769729,.0012971114,.0047004703,.00052094855,.086196288,.29316628,1,1,1,915,933,52,52
405,DIVX,T2,t2_ma3_rents,rents,46,SUR,Suriname,18,-.0067886231453936,.0016682011,-4.0694275,.00016399669,-.010137676,-.0034395698,-.0060437466,.0017769729,.0012971114,.0047004703,.00074487639,.12324745,.41918275,1,1,1,915,933,52,52
369,DIVX,T2,t2_ma3_rents,rents,26,IRN,Iran,18,-.0064268067468568,.0017566046,-3.658653,.00060105743,-.0099533377,-.0029002759,-.0060437466,.0017769729,.0012971114,.0047004703,.00038305999,.06338121,.21556884,1,1,1,915,933,52,52
347,DIVX,T2,t2_ma3_rents,rents,15,COL,Colombia,18,-.0060092012067434,.0017740257,-3.3873246,.0013669236,-.0095707066,-.0024476959,-.0060437466,.0017769729,.0012971114,.0047004703,.000034545556,.0057159173,.019440677,1,1,1,915,933,52,52
379,DIVX,T2,t2_ma3_rents,rents,31,KWT,Kuwait,17,-.0063458445236529,.0018810502,-3.3735647,.0014238768,-.010122211,-.0025694787,-.0060437466,.0017769729,.0012971114,.0047004703,.00030209776,.049985178,.17000696,1,1,1,916,933,52,52
349,DIVX,T2,t2_ma3_rents,rents,16,DZA,Algeria,18,-.0059990694957212,.0017887291,-3.3538167,.0015095628,-.009590093,-.002408046,-.0060437466,.0017769729,.0012971114,.0047004703,.000044677268,.0073923129,.025142346,1,1,1,915,933,52,52
377,DIVX,T2,t2_ma3_rents,rents,30,JOR,Jordan,18,-.0060093183075439,.001789292,-3.3584895,.0014888573,-.0096014719,-.0024171646,-.0060437466,.0017769729,.0012971114,.0047004703,.000034428456,.0056965421,.019374778,1,1,1,915,933,52,52
381,DIVX,T2,t2_ma3_rents,rents,32,LBR,Liberia,18,-.0062549671914213,.0018029485,-3.4692988,.0010699786,-.0098745376,-.002635397,-.0060437466,.0017769729,.0012971114,.0047004703,.00021122042,.034948591,.1188653,1,1,1,915,933,52,52
357,DIVX,T2,t2_ma3_rents,rents,20,GHA,Ghana,18,-.0059751081830995,.0018107615,-3.2997766,.0017697288,-.0096103633,-.0023398527,-.0060437466,.0017769729,.0012971114,.0047004703,.000068638583,.011356958,.038626689,1,1,1,915,933,52,52
399,DIVX,T2,t2_ma3_rents,rents,42,QAT,Qatar,18,-.0063526871735924,.0019764786,-3.2141442,.0022705412,-.010320634,-.0023847411,-.0060437466,.0017769729,.0012971114,.0047004703,.00030894042,.051117364,.17385769,1,1,1,915,933,52,52
373,DIVX,T2,t2_ma3_rents,rents,28,ISR,Israel,18,-.0061478694445484,.0017937899,-3.4273074,.0012134534,-.009749053,-.002546686,-.0060437466,.0017769729,.0012971114,.0047004703,.00010412268,.017228168,.058595534,1,1,1,915,933,52,52
417,DIVX,T2,t2_ma3_rents,rents,52,VNM,Vietnam,18,-.0060743843201987,.0017809228,-3.4108074,.00127469,-.0096497359,-.0024990328,-.0060437466,.0017769729,.0012971114,.0047004703,.000030637555,.0050692987,.017241431,1,1,1,915,933,52,52
337,DIVX,T2,t2_ma3_rents,rents,10,CAF,Central African Republic,18,-.0060437574879204,.0017938655,-3.3691254,.0014427274,-.0096450923,-.0024424223,-.0060437466,.0017769729,.0012971114,.0047004703,1.0723842e-08,1.7743698e-06,6.0348934e-06,1,1,1,915,933,52,52
409,DIVX,T2,t2_ma3_rents,rents,48,SYR,Syria,17,-.0063850547982638,.0017520223,-3.6443913,.00062806287,-.009902386,-.0028677231,-.0060437466,.0017769729,.0012971114,.0047004703,.00034130804,.05647292,.19207273,1,1,1,916,933,52,52
395,DIVX,T2,t2_ma3_rents,rents,40,PER,Peru,18,-.0060165826700016,.0017803608,-3.3794177,.0013993813,-.0095908064,-.0024423592,-.0060437466,.0017769729,.0012971114,.0047004703,.000027164095,.0044945786,.015286724,1,1,1,915,933,52,52
423,DIVX,T2,t2_ma3_rents,rents,55,ZMB,Zambia,18,-.0059125235424636,.0017775155,-3.3262854,.0016372114,-.0094810352,-.0023440123,-.0060437466,.0017769729,.0012971114,.0047004703,.00013122322,.021712231,.073846497,1,1,1,915,933,52,52
393,DIVX,T2,t2_ma3_rents,rents,39,OMN,Oman,18,-.0050572254800403,.0017741169,-2.8505592,.0062833591,-.0086189136,-.0014955371,-.0060437466,.0017769729,.0012971114,.0047004703,.00098652125,.16323008,.55516958,1,1,1,915,933,52,52
359,DIVX,T2,t2_ma3_rents,rents,21,GIN,Guinea,18,-.005854510482159,.0017989086,-3.2544792,.0020199469,-.0094659701,-.0022430508,-.0060437466,.0017769729,.0012971114,.0047004703,.00018923628,.031311087,.10649362,1,1,1,915,933,52,52
419,DIVX,T2,t2_ma3_rents,rents,53,YEM,Yemen,13,-.0054735114210868,.0017471854,-3.1327596,.002868006,-.0089811319,-.0019658904,-.0060437466,.0017769729,.0012971114,.0047004703,.00057023537,.094351299,.32090268,1,1,1,920,933,52,52
325,DIVX,T2,t2_ma3_rents,rents,4,ATG,Antigua and Barbuda,18,-.0060004656732783,.0018077275,-3.3193419,.0016709827,-.0096296305,-.0023713012,-.0060437466,.0017769729,.0012971114,.0047004703,.000043281092,.0071613011,.024356641,1,1,1,915,933,52,52
319,DIVX,T2,t2_ma3_rents,rents,1,AGO,Angola,18,-.0061912307635154,.0017743233,-3.4893477,.0010073173,-.0097533334,-.0026291281,-.0060437466,.0017769729,.0012971114,.0047004703,.000147484,.024402743,.08299733,1,1,1,915,933,52,52
321,DIVX,T2,t2_ma3_rents,rents,2,ALB,Albania,18,-.0059710248631985,.0017908163,-3.3342474,.0015992809,-.0095662391,-.0023758111,-.0060437466,.0017769729,.0012971114,.0047004703,.000072721901,.012032586,.040924598,1,1,1,915,933,52,52
331,DIVX,T2,t2_ma3_rents,rents,7,BHR,Bahrain,18,-.0061198603680295,.0018099815,-3.3811727,.0013921142,-.0097535504,-.0024861707,-.0060437466,.0017769729,.0012971114,.0047004703,.000076113603,.012593778,.042833295,1,1,1,915,933,52,52
351,DIVX,T2,t2_ma3_rents,rents,17,ECU,Ecuador,18,-.0060368337422305,.0017754713,-3.4001303,.0013158686,-.009601241,-.0024724265,-.0060437466,.0017769729,.0012971114,.0047004703,6.9130219e-06,.0011438305,.003890336,1,1,1,915,933,52,52
371,DIVX,T2,t2_ma3_rents,rents,27,IRQ,Iraq,18,-.0059516957328888,.0018127002,-3.2833316,.0018569725,-.0095908437,-.0023125482,-.0060437466,.0017769729,.0012971114,.0047004703,.000092051028,.015230789,.051802158,1,1,1,915,933,52,52
367,DIVX,T2,t2_ma3_rents,rents,25,IND,India,18,-.006041629254906,.001783306,-3.3878813,.0013646657,-.0096217655,-.002461493,-.0060437466,.0017769729,.0012971114,.0047004703,2.1175092e-06,.00035036364,.0011916384,1,1,1,915,933,52,52
361,DIVX,T2,t2_ma3_rents,rents,22,GMB,The Gambia,18,-.0058662300127484,.0017844591,-3.2873995,.0018350205,-.009448681,-.0022837787,-.0060437466,.0017769729,.0012971114,.0047004703,.00017751675,.029371971,.099898398,1,1,1,915,933,52,52
397,DIVX,T2,t2_ma3_rents,rents,41,PNG,Papua New Guinea,18,-.0061156985414508,.001788222,-3.4199884,.0012402629,-.0097057037,-.002525693,-.0060437466,.0017769729,.0012971114,.0047004703,.000071951777,.011905161,.040491208,1,1,1,915,933,52,52
375,DIVX,T2,t2_ma3_rents,rents,29,JAM,Jamaica,18,-.0060021733642248,.0017940075,-3.345679,.0015462758,-.0096037937,-.0024005529,-.0060437466,.0017769729,.0012971114,.0047004703,.000041573399,.0068787462,.02339563,1,1,1,915,933,52,52
411,DIVX,T2,t2_ma3_rents,rents,49,TGO,Togo,18,-.0060358214789042,.0017955052,-3.3616285,.0014750985,-.0096404487,-.0024311945,-.0060437466,.0017769729,.0012971114,.0047004703,7.9252850e-06,.0013113199,.0044599921,1,1,1,915,933,52,52
383,DIVX,T2,t2_ma3_rents,rents,33,LBY,Libya,18,-.0065452306381775,.0018661733,-3.5073006,.00095418777,-.01029173,-.0027987314,-.0060437466,.0017769729,.0012971114,.0047004703,.00050148385,.082975663,.28221244,1,1,1,915,933,52,52
389,DIVX,T2,t2_ma3_rents,rents,36,NGA,Nigeria,18,-.0059861995492975,.0017826862,-3.3579659,.0014911634,-.0095650917,-.0024073077,-.0060437466,.0017769729,.0012971114,.0047004703,.000057547215,.0095217777,.032384969,1,1,1,915,933,52,52
341,DIVX,T2,t2_ma3_rents,rents,12,CMR,Cameroon,18,-.0061158072276023,.0017847978,-3.4266107,.0012159813,-.0096989386,-.0025326761,-.0060437466,.0017769729,.0012971114,.0047004703,.000072060466,.011923144,.04055237,1,1,1,915,933,52,52
343,DIVX,T2,t2_ma3_rents,rents,13,COD,Democratic Republic of the Congo,14,-.0058072382924124,.0017730509,-3.2752802,.0019011544,-.0093667861,-.0022476902,-.0060437466,.0017769729,.0012971114,.0047004703,.00023650847,.039132755,.13309628,1,1,1,919,933,52,52
391,DIVX,T2,t2_ma3_rents,rents,37,NOR,Norway,18,-.0059840084573736,.0017904781,-3.3421288,.0015625563,-.0095785437,-.0023894736,-.0060437466,.0017769729,.0012971114,.0047004703,.000059738308,.0098843165,.033618018,1,1,1,915,933,52,52
329,DIVX,T2,t2_ma3_rents,rents,6,BDI,Burundi,18,-.0061702757873504,.0017836305,-3.4593914,.0011022976,-.0097510638,-.0025894882,-.0060437466,.0017769729,.0012971114,.0047004703,.00012652902,.020935526,.071204811,1,1,1,915,933,52,52
353,DIVX,T2,t2_ma3_rents,rents,18,EGY,Egypt,18,-.0060496256000145,.0017791336,-3.4003212,.0013151215,-.0096213855,-.0024778659,-.0060437466,.0017769729,.0012971114,.0047004703,5.8788360e-06,.00097271381,.003308343,1,1,1,915,933,52,52
401,DIVX,T2,t2_ma3_rents,rents,43,RUS,Russian Federation,18,-.0061028847686848,.0017832824,-3.4222763,.0012318227,-.0096829738,-.0025227962,-.0060437466,.0017769729,.0012971114,.0047004703,.000059138005,.0097849909,.033280194,1,1,1,915,933,52,52
363,DIVX,T2,t2_ma3_rents,rents,23,GUY,Guyana,18,-.0057249555529092,.0017756225,-3.2241964,.0022054797,-.0092896661,-.0021602449,-.0060437466,.0017769729,.0012971114,.0047004703,.00031879122,.052747283,.17940128,1,1,1,915,933,52,52
403,DIVX,T2,t2_ma3_rents,rents,44,SAU,Saudi Arabia,18,-.0054608578613462,.0018113595,-3.0147841,.0040006493,-.0090973135,-.0018244019,-.0060437466,.0017769729,.0012971114,.0047004703,.0005828889,.096444957,.32802352,1,1,1,915,933,52,52
415,DIVX,T2,t2_ma3_rents,rents,51,VEN,Venezuela,11,-.00629401194261,.0017602335,-3.5756688,.0007753105,-.009827828,-.0027601956,-.0060437466,.0017769729,.0012971114,.0047004703,.00025026518,.041408945,.14083792,1,1,1,922,933,52,52
339,DIVX,T2,t2_ma3_rents,rents,11,CHL,Chile,18,-.0060307828679916,.0018488887,-3.261842,.0019771182,-.0097425822,-.0023189839,-.0060437466,.0017769729,.0012971114,.0047004703,.000012963896,.0021450098,.0072954944,1,1,1,915,933,52,52
413,DIVX,T2,t2_ma3_rents,rents,50,TTO,Trinidad and Tobago,18,-.0060765663157461,.0017984444,-3.3787901,.0014019882,-.009687094,-.0024660386,-.0060437466,.0017769729,.0012971114,.0047004703,.000032819553,.0054303319,.01846936,1,1,1,915,933,52,52
345,DIVX,T2,t2_ma3_rents,rents,14,COG,Republic of the Congo,15,-.0059114255860328,.0017684659,-3.3426857,.0015599917,-.0094617689,-.0023610822,-.0060437466,.0017769729,.0012971114,.0047004703,.00013232118,.021893898,.074464373,1,1,1,918,933,52,52
327,DIVX,T2,t2_ma3_rents,rents,5,AUS,Australia,18,-.0058286679116877,.0017884769,-3.259012,.0019934773,-.0094191851,-.0022381507,-.0060437466,.0017769729,.0012971114,.0047004703,.00021507885,.035587005,.12103666,1,1,1,915,933,52,52
421,DIVX,T2,t2_ma3_rents,rents,54,ZAF,South Africa,18,-.0060369735808756,.0017804527,-3.3906958,.0013533034,-.0096113812,-.0024625657,-.0060437466,.0017769729,.0012971114,.0047004703,6.7731830e-06,.0011206927,.0038116411,1,1,1,915,933,52,52
407,DIVX,T2,t2_ma3_rents,rents,47,SYC,Seychelles,18,-.0058941034896505,.0017772099,-3.3164926,.0016850318,-.0094620017,-.0023262056,-.0060437466,.0017769729,.0012971114,.0047004703,.00014964328,.024760017,.084212467,1,1,1,915,933,52,52
355,DIVX,T2,t2_ma3_rents,rents,19,GAB,Gabon,18,-.0058407753237424,.0018186625,-3.2115772,.002287444,-.0094918925,-.0021896579,-.0060437466,.0017769729,.0012971114,.0047004703,.00020297144,.033583712,.11422314,1,1,1,915,933,52,52
365,DIVX,T2,t2_ma3_rents,rents,24,IDN,Indonesia,18,-.0060929316185124,.0017772729,-3.4282477,.0012100494,-.0096609555,-.0025249075,-.0060437466,.0017769729,.0012971114,.0047004703,.000049184855,.0081381397,.027679011,1,1,1,915,933,52,52
323,DIVX,T2,t2_ma3_rents,rents,3,ARE,United Arab Emirates,18,-.0059411227960916,.0018478051,-3.2152324,.002263413,-.0096507464,-.0022314992,-.0060437466,.0017769729,.0012971114,.0047004703,.00010262397,.01698019,.057752129,1,1,1,915,933,52,52
335,DIVX,T2,t2_ma3_rents,rents,9,BRN,Brunei,18,-.0059877118377015,.0018195366,-3.2907896,.001816914,-.0096405838,-.0023348397,-.0060437466,.0017769729,.0012971114,.0047004703,.000056034925,.0092715546,.031533923,1,1,1,915,933,52,52
418,DIVX,T2,t2_ma3_rents_x_inst,interaction,52,VNM,Vietnam,18,-.000242398413165,.0013268449,-.18268783,.85576725,-.0029061507,.0024213539,-.00022078176,.0013266734,.86847377,.88148814,.00002161665,.097909585,.016293876,1,0,0,915,933,52,52
322,DIVX,T2,t2_ma3_rents_x_inst,interaction,2,ALB,Albania,18,-.0002462596936867,.0013260129,-.18571439,.85340542,-.0029083418,.0024158224,-.00022078176,.0013266734,.86847377,.88148814,.000025477932,.11539871,.019204373,1,0,0,915,933,52,52
362,DIVX,T2,t2_ma3_rents_x_inst,interaction,22,GMB,The Gambia,18,-.0001753174271108,.0013284641,-.13197002,.8955273,-.0028423204,.0024916856,-.00022078176,.0013266734,.86847377,.88148814,.000045464334,.20592433,.034269426,1,0,0,915,933,52,52
378,DIVX,T2,t2_ma3_rents_x_inst,interaction,30,JOR,Jordan,18,-.0002171920838766,.0013264823,-.16373539,.87058663,-.0028802163,.0024458321,-.00022078176,.0013266734,.86847377,.88148814,3.5896790e-06,.016258948,.0027057745,1,0,0,915,933,52,52
338,DIVX,T2,t2_ma3_rents_x_inst,interaction,10,CAF,Central African Republic,18,-.0002261362888347,.0013292547,-.17012261,.86558682,-.0028947266,.002442454,-.00022078176,.0013266734,.86847377,.88148814,5.3545259e-06,.024252573,.0040360545,1,0,0,915,933,52,52
406,DIVX,T2,t2_ma3_rents_x_inst,interaction,46,SUR,Suriname,18,-.0007774084552436,.0011686771,-.66520381,.50891739,-.0031236256,.0015688088,-.00022078176,.0013266734,.86847377,.88148814,.00055662671,2.5211625,.41956574,1,0,0,915,933,52,52
324,DIVX,T2,t2_ma3_rents_x_inst,interaction,3,ARE,United Arab Emirates,18,-.0001120702881153,.0014062227,-.079695977,.93679094,-.0029351802,.0027110395,-.00022078176,.0013266734,.86847377,.88148814,.00010871147,.49239337,.081942908,1,0,0,915,933,52,52
402,DIVX,T2,t2_ma3_rents_x_inst,interaction,43,RUS,Russian Federation,18,-.0002576318939851,.0013286207,-.19390929,.84701723,-.0029249494,.0024096856,-.00022078176,.0013266734,.86847377,.88148814,.000036850131,.16690749,.02777634,1,0,0,915,933,52,52
398,DIVX,T2,t2_ma3_rents_x_inst,interaction,41,PNG,Papua New Guinea,18,-.0001817382122163,.0013299972,-.13664557,.89184898,-.0028518189,.0024883426,-.00022078176,.0013266734,.86847377,.88148814,.000039043549,.17684229,.029429663,1,0,0,915,933,52,52
320,DIVX,T2,t2_ma3_rents_x_inst,interaction,1,AGO,Angola,18,-.0003943502296805,.0013917958,-.28333914,.77806389,-.0031884969,.0023997966,-.00022078176,.0013266734,.86847377,.88148814,.00017356846,.78615403,.13082984,1,0,0,915,933,52,52
392,DIVX,T2,t2_ma3_rents_x_inst,interaction,37,NOR,Norway,18,-.0001129332321186,.0013745205,-.082161918,.93483955,-.0028723981,.0026465317,-.00022078176,.0013266734,.86847377,.88148814,.00010784853,.48848477,.08129245,1,0,0,915,933,52,52
396,DIVX,T2,t2_ma3_rents_x_inst,interaction,40,PER,Peru,18,-.0002207754502929,.001325312,-.16658376,.86835629,-.0028814503,.0024398994,-.00022078176,.0013266734,.86847377,.88148814,6.3126286e-09,.000028592165,4.7582389e-06,1,0,0,915,933,52,52
344,DIVX,T2,t2_ma3_rents_x_inst,interaction,13,COD,Democratic Republic of the Congo,14,-.000218857427425,.0013347018,-.16397478,.87039912,-.002898383,.0024606681,-.00022078176,.0013266734,.86847377,.88148814,1.9243355e-06,.0087160077,.0014504968,1,0,0,919,933,52,52
374,DIVX,T2,t2_ma3_rents_x_inst,interaction,28,ISR,Israel,18,-.0002484159328761,.0013255441,-.18740676,.85208529,-.0029095567,.0024127248,-.00022078176,.0013266734,.86847377,.88148814,.000027634171,.12516509,.02082967,1,0,0,915,933,52,52
412,DIVX,T2,t2_ma3_rents_x_inst,interaction,49,TGO,Togo,18,-.0002364570203056,.0013320075,-.17751929,.85980368,-.0029105735,.0024376595,-.00022078176,.0013266734,.86847377,.88148814,.000015675258,.070998877,.011815461,1,0,0,915,933,52,52
346,DIVX,T2,t2_ma3_rents_x_inst,interaction,14,COG,Republic of the Congo,15,-.0006712394624951,.0012592707,-.53303826,.59632236,-.003199331,.0018568521,-.00022078176,.0013266734,.86847377,.88148814,.00045045771,2.0402849,.33953926,1,0,0,918,933,52,52
394,DIVX,T2,t2_ma3_rents_x_inst,interaction,39,OMN,Oman,18,.0006571371823076,.00127792,.51422405,.60931653,-.0019083942,.0032226685,-.00022078176,.0013266734,.86847377,.88148814,.00087791897,3.9764106,.66174459,0,0,0,915,933,52,52
358,DIVX,T2,t2_ma3_rents_x_inst,interaction,20,GHA,Ghana,18,-.0002122532623769,.0013320391,-.15934461,.87402678,-.0028864334,.0024619268,-.00022078176,.0013266734,.86847377,.88148814,8.5285010e-06,.038628645,.0064284853,1,0,0,915,933,52,52
380,DIVX,T2,t2_ma3_rents_x_inst,interaction,31,KWT,Kuwait,17,-.0005144322768621,.0014072499,-.36555856,.71620637,-.0033396045,.0023107401,-.00022078176,.0013266734,.86847377,.88148814,.00029365052,1.3300488,.22134349,1,0,0,916,933,52,52
376,DIVX,T2,t2_ma3_rents_x_inst,interaction,29,JAM,Jamaica,18,-.0001659441975436,.0013312453,-.12465336,.90128803,-.0028385306,.0025066421,-.00022078176,.0013266734,.86847377,.88148814,.000054837565,.24837905,.04133464,1,0,0,915,933,52,52
348,DIVX,T2,t2_ma3_rents_x_inst,interaction,15,COL,Colombia,18,-.0002327144051934,.0013242211,-.17573681,.86119664,-.0028911992,.0024257705,-.00022078176,.0013266734,.86847377,.88148814,.000011932642,.054047227,.0089944089,1,0,0,915,933,52,52
372,DIVX,T2,t2_ma3_rents_x_inst,interaction,27,IRQ,Iraq,18,.0002600717236211,.001604571,.16208178,.8718819,-.0029612391,.0034813825,-.00022078176,.0013266734,.86847377,.88148814,.00048085349,2.1779583,.36245054,0,0,0,915,933,52,52
356,DIVX,T2,t2_ma3_rents_x_inst,interaction,19,GAB,Gabon,18,-.0002621950164794,.0013326802,-.19674262,.8448109,-.0029376622,.0024132722,-.00022078176,.0013266734,.86847377,.88148814,.000041413252,.18757552,.031215861,1,0,0,915,933,52,52
336,DIVX,T2,t2_ma3_rents_x_inst,interaction,9,BRN,Brunei,18,-.0001458046206273,.0013640637,-.10688989,.91529572,-.0028842769,.0025926677,-.00022078176,.0013266734,.86847377,.88148814,.000074977143,.33959845,.05651515,1,0,0,915,933,52,52
416,DIVX,T2,t2_ma3_rents_x_inst,interaction,51,VEN,Venezuela,11,-.0002705717247647,.0013220867,-.20465505,.83865625,-.0029247715,.0023836282,-.00022078176,.0013266734,.86847377,.88148814,.00004978996,.22551665,.03752993,1,0,0,922,933,52,52
350,DIVX,T2,t2_ma3_rents_x_inst,interaction,16,DZA,Algeria,18,-.0002478961207923,.0013267267,-.18684791,.85252118,-.0029114112,.0024156189,-.00022078176,.0013266734,.86847377,.88148814,.000027114358,.12281068,.020437855,1,0,0,915,933,52,52
384,DIVX,T2,t2_ma3_rents_x_inst,interaction,33,LBY,Libya,18,.0001427672859498,.0013785233,.10356538,.91792047,-.0026247336,.0029102683,-.00022078176,.0013266734,.86847377,.88148814,.00036354904,1.6466444,.27403057,0,0,0,915,933,52,52
410,DIVX,T2,t2_ma3_rents_x_inst,interaction,48,SYR,Syria,17,-.0003115417382472,.0013365173,-.23309968,.81661701,-.002994712,.0023716285,-.00022078176,.0013266734,.86847377,.88148814,.000090759975,.41108456,.068411693,1,0,0,916,933,52,52
364,DIVX,T2,t2_ma3_rents_x_inst,interaction,23,GUY,Guyana,18,-.0001207453317892,.0013323592,-.090625212,.92814541,-.002795568,.0025540772,-.00022078176,.0013266734,.86847377,.88148814,.00010003643,.45310098,.075403966,1,0,0,915,933,52,52
408,DIVX,T2,t2_ma3_rents_x_inst,interaction,47,SYC,Seychelles,18,-.0002587698934916,.0013186458,-.19623911,.84520286,-.0029060619,.002388522,-.00022078176,.0013266734,.86847377,.88148814,.000037988131,.17206191,.028634124,1,0,0,915,933,52,52
404,DIVX,T2,t2_ma3_rents_x_inst,interaction,44,SAU,Saudi Arabia,18,.0000512038563081,.0013509147,.0379031,.96991295,-.0026608708,.0027632783,-.00022078176,.0013266734,.86847377,.88148814,.00027198563,1.2319207,.20501325,0,0,0,915,933,52,52
352,DIVX,T2,t2_ma3_rents_x_inst,interaction,17,ECU,Ecuador,18,-.000258285796721,.0013266254,-.19469385,.84640616,-.0029215973,.0024050258,-.00022078176,.0013266734,.86847377,.88148814,.000037504033,.16986926,.028269229,1,0,0,915,933,52,52
382,DIVX,T2,t2_ma3_rents_x_inst,interaction,32,LBR,Liberia,18,.0000775574992552,.0013255051,.05851166,.95356977,-.0025835049,.0027386199,-.00022078176,.0013266734,.86847377,.88148814,.00029833926,1.3512858,.2248777,0,0,0,915,933,52,52
354,DIVX,T2,t2_ma3_rents_x_inst,interaction,18,EGY,Egypt,18,-.0002240493887287,.0013266578,-.16888256,.86655706,-.0028874262,.0024393275,-.00022078176,.0013266734,.86847377,.88148814,3.2676257e-06,.014800252,.002463022,1,0,0,915,933,52,52
360,DIVX,T2,t2_ma3_rents_x_inst,interaction,21,GIN,Guinea,18,-.0001026764393125,.0013367346,-.076811381,.93907416,-.0027862831,.0025809305,-.00022078176,.0013266734,.86847377,.88148814,.00011810532,.53494149,.089023665,1,0,0,915,933,52,52
422,DIVX,T2,t2_ma3_rents_x_inst,interaction,54,ZAF,South Africa,18,-.0002167650026248,.0013272922,-.1633137,.8709169,-.0028814154,.0024478852,-.00022078176,.0013266734,.86847377,.88148814,4.0167602e-06,.018193351,.0030276934,1,0,0,915,933,52,52
400,DIVX,T2,t2_ma3_rents_x_inst,interaction,42,QAT,Qatar,18,-.0003347892239347,.0015256493,-.21944049,.82718283,-.003397658,.0027280794,-.00022078176,.0013266734,.86847377,.88148814,.00011400746,.51638079,.08593484,1,0,0,915,933,52,52
328,DIVX,T2,t2_ma3_rents_x_inst,interaction,5,AUS,Australia,18,-.000072261171001,.0013499103,-.05353035,.95751852,-.0027823192,.0026377968,-.00022078176,.0013266734,.86847377,.88148814,.00014852059,.67270315,.11194963,1,0,0,915,933,52,52
330,DIVX,T2,t2_ma3_rents_x_inst,interaction,6,BDI,Burundi,18,-.0002949636440184,.0013199181,-.22347118,.82406157,-.0029448099,.0023548824,-.00022078176,.0013266734,.86847377,.88148814,.00007418188,.33599642,.05591571,1,0,0,915,933,52,52
386,DIVX,T2,t2_ma3_rents_x_inst,interaction,34,MNG,Mongolia,18,-.0002808025630028,.001320404,-.21266413,.83243668,-.0029316242,.0023700192,-.00022078176,.0013266734,.86847377,.88148814,.0000600208,.2718558,.045241579,1,0,0,915,933,52,52
366,DIVX,T2,t2_ma3_rents_x_inst,interaction,24,IDN,Indonesia,18,-.0002580768817138,.0013255604,-.19469267,.84640706,-.0029192504,.0024030965,-.00022078176,.0013266734,.86847377,.88148814,.000037295118,.16892301,.028111756,1,0,0,915,933,52,52
326,DIVX,T2,t2_ma3_rents_x_inst,interaction,4,ATG,Antigua and Barbuda,18,-.000162884218176,.0013482181,-.12081444,.90431273,-.002869545,.0025437765,-.00022078176,.0013266734,.86847377,.88148814,.000057897545,.2622388,.043641146,1,0,0,915,933,52,52
368,DIVX,T2,t2_ma3_rents_x_inst,interaction,25,IND,India,18,-.0002242881111301,.001327164,-.16899803,.8664667,-.0028886811,.0024401047,-.00022078176,.0013266734,.86847377,.88148814,3.5063483e-06,.015881512,.0026429626,1,0,0,915,933,52,52
424,DIVX,T2,t2_ma3_rents_x_inst,interaction,55,ZMB,Zambia,18,-.0002313960597564,.0013214959,-.17510162,.86169314,-.0028844096,.0024216175,-.00022078176,.0013266734,.86847377,.88148814,.000010614297,.048075967,.0080006858,1,0,0,915,933,52,52
388,DIVX,T2,t2_ma3_rents_x_inst,interaction,35,MRT,Mauritania,18,-.0001734827410925,.0013368396,-.1297708,.89725822,-.0028573002,.0025103348,-.00022078176,.0013266734,.86847377,.88148814,.000047299021,.21423428,.035652347,1,0,0,915,933,52,52
342,DIVX,T2,t2_ma3_rents_x_inst,interaction,12,CMR,Cameroon,18,-.0002509513413041,.0013271582,-.18908925,.85077339,-.0029153326,.0024134298,-.00022078176,.0013266734,.86847377,.88148814,.000030169578,.13664886,.022740774,1,0,0,915,933,52,52
420,DIVX,T2,t2_ma3_rents_x_inst,interaction,53,YEM,Yemen,13,-.0004811365891778,.0013151148,-.3658514,.71598917,-.0031213397,.0021590665,-.00022078176,.0013266734,.86847377,.88148814,.00026035483,1.1792406,.19624637,1,0,0,920,933,52,52
414,DIVX,T2,t2_ma3_rents_x_inst,interaction,50,TTO,Trinidad and Tobago,18,-.0002262781680906,.001339835,-.1688851,.86655509,-.0029161093,.0024635529,-.00022078176,.0013266734,.86847377,.88148814,5.4964053e-06,.024895195,.0041429978,1,0,0,915,933,52,52
390,DIVX,T2,t2_ma3_rents_x_inst,interaction,36,NGA,Nigeria,18,-.0002201683135271,.0013354121,-.16486919,.8696987,-.0029011201,.0024607833,-.00022078176,.0013266734,.86847377,.88148814,6.1344940e-07,.0027785329,.00046239671,1,0,0,915,933,52,52
332,DIVX,T2,t2_ma3_rents_x_inst,interaction,7,BHR,Bahrain,18,-.000282964997796,.0013502309,-.20956786,.83483988,-.0029936666,.0024277365,-.00022078176,.0013266734,.86847377,.88148814,.000062183237,.28165025,.046871547,1,0,0,915,933,52,52
340,DIVX,T2,t2_ma3_rents_x_inst,interaction,11,CHL,Chile,18,-.0002100226240048,.0014256018,-.14732209,.88345867,-.0030720376,.0026519923,-.00022078176,.0013266734,.86847377,.88148814,.000010759139,.048732009,.0081098629,1,0,0,915,933,52,52
370,DIVX,T2,t2_ma3_rents_x_inst,interaction,26,IRN,Iran,18,-.0006013713531658,.001262706,-.47625604,.63592607,-.0031363594,.0019336167,-.00022078176,.0013266734,.86847377,.88148814,.0003805896,1.7238271,.28687513,1,0,0,915,933,52,52
334,DIVX,T2,t2_ma3_rents_x_inst,interaction,8,BOL,Bolivia,18,-.0002617450211203,.0013246526,-.19759522,.84414721,-.002921096,.0023976059,-.00022078176,.0013266734,.86847377,.88148814,.000040963259,.18553732,.030876672,1,0,0,915,933,52,52
90,ECI,T1,c.t1_rents#c.t1_inst,interaction,47,SYC,Seychelles,22,-.0065055681662166,.0028149895,-2.3110452,.024908459,-.012156895,-.00085424079,-.0064978641,.0028441905,.026446501,.02890289,7.7040886e-06,.0011856341,.0027087105,1,1,1,1126,1148,52,52
74,ECI,T1,c.t1_rents#c.t1_inst,interaction,37,NOR,Norway,22,-.0070754408145164,.0029126294,-2.4292281,.018692998,-.012922788,-.0012280934,-.0064978641,.0028441905,.026446501,.02890289,.00057757675,.08888717,.20307246,1,1,1,1126,1148,52,52
96,ECI,T1,c.t1_rents#c.t1_inst,interaction,50,TTO,Trinidad and Tobago,22,-.0064371236616611,.0028678756,-2.2445617,.029162819,-.012194624,-.00067962299,-.0064978641,.0028441905,.026446501,.02890289,.000060740414,.0093477508,.021355959,1,1,1,1126,1148,52,52
28,ECI,T1,c.t1_rents#c.t1_inst,interaction,14,COG,Republic of the Congo,20,-.0070678691043156,.0027901002,-2.5331955,.014420311,-.012669229,-.0014665094,-.0064978641,.0028441905,.026446501,.02890289,.00057000504,.087721907,.20041029,1,1,1,1128,1148,52,52
102,ECI,T1,c.t1_rents#c.t1_inst,interaction,53,YEM,Yemen,18,-.0057506377046906,.0029029602,-1.9809564,.053001024,-.011578574,.000077298238,-.0064978641,.0028441905,.026446501,.02890289,.00074722635,.11499569,.26272023,1,0,1,1130,1148,52,52
66,ECI,T1,c.t1_rents#c.t1_inst,interaction,33,LBY,Libya,22,-.0069351933801604,.0032066696,-2.1627402,.03527347,-.013372851,-.0004975358,-.0064978641,.0028441905,.026446501,.02890289,.00043732929,.067303546,.15376231,1,1,1,1126,1148,52,52
42,ECI,T1,c.t1_rents#c.t1_inst,interaction,21,GIN,Guinea,22,-.0062981356245615,.0028524054,-2.2080088,.031766336,-.012024579,-.000571693,-.0064978641,.0028441905,.026446501,.02890289,.00019972846,.030737555,.070223302,1,1,1,1126,1148,52,52
14,ECI,T1,c.t1_rents#c.t1_inst,interaction,7,BHR,Bahrain,22,-.0061376861783493,.0028480552,-2.1550446,.035902392,-.011855396,-.00041997671,-.0064978641,.0028441905,.026446501,.02890289,.00036017789,.0554302,.12663636,1,1,1,1126,1148,52,52
52,ECI,T1,c.t1_rents#c.t1_inst,interaction,26,IRN,Iran,22,-.0068124010150757,.0028527591,-2.3880043,.02068169,-.012539553,-.0010852484,-.0064978641,.0028441905,.026446501,.02890289,.00031453694,.048406206,.11058927,1,1,1,1126,1148,52,52
36,ECI,T1,c.t1_rents#c.t1_inst,interaction,18,EGY,Egypt,22,-.0065293972821134,.0028530145,-2.2885959,.026278794,-.012257063,-.00080173154,-.0064978641,.0028441905,.026446501,.02890289,.000031533204,.004852857,.011086882,1,1,1,1126,1148,52,52
2,ECI,T1,c.t1_rents#c.t1_inst,interaction,1,AGO,Angola,22,-.0071892628547725,.0028752813,-2.5003686,.015662534,-.012961631,-.0014168947,-.0064978641,.0028441905,.026446501,.02890289,.0006913988,.10640401,.24309158,1,1,1,1126,1148,52,52
72,ECI,T1,c.t1_rents#c.t1_inst,interaction,36,NGA,Nigeria,22,-.0066713937996917,.0028459132,-2.3442016,.02300101,-.012384803,-.00095798483,-.0064978641,.0028441905,.026446501,.02890289,.00017352973,.026705656,.061011992,1,1,1,1126,1148,52,52
16,ECI,T1,c.t1_rents#c.t1_inst,interaction,8,BOL,Bolivia,22,-.0064140448239654,.0028563966,-2.2455022,.029098401,-.0121485,-.00067958917,-.0064978641,.0028441905,.026446501,.02890289,.00008381925,.012899509,.029470338,1,1,1,1126,1148,52,52
4,ECI,T1,c.t1_rents#c.t1_inst,interaction,2,ALB,Albania,22,-.0066412822016393,.0028539263,-2.3270686,.023969702,-.012370778,-.00091178622,-.0064978641,.0028441905,.026446501,.02890289,.00014341812,.022071579,.050424937,1,1,1,1126,1148,52,52
78,ECI,T1,c.t1_rents#c.t1_inst,interaction,40,PER,Peru,22,-.0064750217318865,.0028613161,-2.2629523,.027925832,-.012219354,-.00073069014,-.0064978641,.0028441905,.026446501,.02890289,.000022842345,.0035153623,.0080312295,1,1,1,1126,1148,52,52
88,ECI,T1,c.t1_rents#c.t1_inst,interaction,46,SUR,Suriname,20,-.0069131209841721,.0028436338,-2.431087,.018607518,-.012621954,-.001204288,-.0064978641,.0028441905,.026446501,.02890289,.00041525692,.063906677,.14600179,1,1,1,1128,1148,52,52
40,ECI,T1,c.t1_rents#c.t1_inst,interaction,20,GHA,Ghana,22,-.0065382520865315,.0028378603,-2.3039374,.025335276,-.012235494,-.00084101001,-.0064978641,.0028441905,.026446501,.02890289,.000040388008,.0062155821,.014200177,1,1,1,1126,1148,52,52
86,ECI,T1,c.t1_rents#c.t1_inst,interaction,44,SAU,Saudi Arabia,22,-.0066537406348679,.0029412154,-2.2622418,.027972745,-.012558477,-.00074900413,-.0064978641,.0028441905,.026446501,.02890289,.00015587655,.023988891,.054805245,1,1,1,1126,1148,52,52
10,ECI,T1,c.t1_rents#c.t1_inst,interaction,5,AUS,Australia,22,-.0061421356643642,.0029037576,-2.115237,.03931522,-.011971672,-.00031259895,-.0064978641,.0028441905,.026446501,.02890289,.00035572841,.054745439,.12507194,1,1,1,1126,1148,52,52
70,ECI,T1,c.t1_rents#c.t1_inst,interaction,35,MRT,Mauritania,22,-.006745194787341,.0028050251,-2.4046824,.019855293,-.012376518,-.0011138718,-.0064978641,.0028441905,.026446501,.02890289,.0002473307,.038063385,.086959966,1,1,1,1126,1148,52,52
94,ECI,T1,c.t1_rents#c.t1_inst,interaction,49,TGO,Togo,22,-.00654586356683,.002876234,-2.2758453,.027086621,-.012320144,-.00077158288,-.0064978641,.0028441905,.026446501,.02890289,.000047999489,.0073869643,.016876327,1,1,1,1126,1148,52,52
26,ECI,T1,c.t1_rents#c.t1_inst,interaction,13,COD,Democratic Republic of the Congo,20,-.0059120892449565,.0027958951,-2.1145604,.039375603,-.011525083,-.00029909541,-.0064978641,.0028441905,.026446501,.02890289,.00058577483,.090148829,.20595485,1,1,1,1128,1148,52,52
104,ECI,T1,c.t1_rents#c.t1_inst,interaction,54,ZAF,South Africa,22,-.0064468656932659,.0028555866,-2.2576327,.028278757,-.012179695,-.00071403658,-.0064978641,.0028441905,.026446501,.02890289,.000050998384,.0078484844,.01793072,1,1,1,1126,1148,52,52
84,ECI,T1,c.t1_rents#c.t1_inst,interaction,43,RUS,Russian Federation,22,-.0063437689803094,.0028905342,-2.19467,.032766301,-.012146759,-.00054077938,-.0064978641,.0028441905,.026446501,.02890289,.00015409509,.023714731,.054178894,1,1,1,1126,1148,52,52
30,ECI,T1,c.t1_rents#c.t1_inst,interaction,15,COL,Colombia,22,-.0065198362691069,.0028497446,-2.2878668,.026324395,-.012240937,-.00079873524,-.0064978641,.0028441905,.026446501,.02890289,.000021972191,.0033814483,.0077252886,1,1,1,1126,1148,52,52
20,ECI,T1,c.t1_rents#c.t1_inst,interaction,10,CAF,Central African Republic,22,-.0065816868263193,.0028305359,-2.3252439,.024074981,-.012264225,-.00089914881,-.0064978641,.0028441905,.026446501,.02890289,.00008382275,.012900046,.029471567,1,1,1,1126,1148,52,52
56,ECI,T1,c.t1_rents#c.t1_inst,interaction,28,ISR,Israel,22,-.0066027271218483,.00283821,-2.3263702,.024009947,-.012300671,-.00090478308,-.0064978641,.0028441905,.026446501,.02890289,.00010486304,.016138079,.036869206,1,1,1,1126,1148,52,52
92,ECI,T1,c.t1_rents#c.t1_inst,interaction,48,SYR,Syria,22,-.00645844700801,.0028669694,-2.2527087,.028608968,-.012214129,-.00070276554,-.0064978641,.0028441905,.026446501,.02890289,.000039417071,.0060661579,.013858801,1,1,1,1126,1148,52,52
6,ECI,T1,c.t1_rents#c.t1_inst,interaction,3,ARE,United Arab Emirates,22,-.0068735840373073,.0029804558,-2.3062191,.025197551,-.012857098,-.00089006964,-.0064978641,.0028441905,.026446501,.02890289,.00037571997,.057822071,.13210085,1,1,1,1126,1148,52,52
68,ECI,T1,c.t1_rents#c.t1_inst,interaction,34,MNG,Mongolia,22,-.0061299033822793,.0028433318,-2.1558874,.035833038,-.011838131,-.00042167652,-.0064978641,.0028441905,.026446501,.02890289,.00036796069,.056627944,.12937273,1,1,1,1126,1148,52,52
22,ECI,T1,c.t1_rents#c.t1_inst,interaction,11,CHL,Chile,22,-.0067447461605998,.0030685477,-2.1980255,.032512166,-.012905112,-.00058437977,-.0064978641,.0028441905,.026446501,.02890289,.00024688209,.037994344,.086802229,1,1,1,1126,1148,52,52
82,ECI,T1,c.t1_rents#c.t1_inst,interaction,42,QAT,Qatar,22,-.0072355351124047,.003121888,-2.3176792,.024515888,-.013502987,-.00096808333,-.0064978641,.0028441905,.026446501,.02890289,.00073767104,.11352516,.25936064,1,1,1,1126,1148,52,52
58,ECI,T1,c.t1_rents#c.t1_inst,interaction,29,JAM,Jamaica,22,-.0064624846947221,.0028428778,-2.2732193,.027255705,-.0121698,-.00075516949,-.0064978641,.0028441905,.026446501,.02890289,.000035379384,.0054447711,.012439175,1,1,1,1126,1148,52,52
54,ECI,T1,c.t1_rents#c.t1_inst,interaction,27,IRQ,Iraq,22,-.0042979413204181,.0022990026,-1.8694808,.067302398,-.008913382,.00031749887,-.0064978641,.0028441905,.026446501,.02890289,.0021999227,.33856091,.7734794,1,0,1,1126,1148,52,52
60,ECI,T1,c.t1_rents#c.t1_inst,interaction,30,JOR,Jordan,22,-.0064372120327443,.0028575726,-2.2526853,.028610542,-.012174029,-.00070039544,-.0064978641,.0028441905,.026446501,.02890289,.000060652044,.0093341507,.021324888,1,1,1,1126,1148,52,52
106,ECI,T1,c.t1_rents#c.t1_inst,interaction,55,ZMB,Zambia,22,-.0065135753826404,.0028373916,-2.2956209,.025842933,-.012209876,-.00081727409,-.0064978641,.0028441905,.026446501,.02890289,.000015711305,.0024179185,.0055239988,1,1,1,1126,1148,52,52
34,ECI,T1,c.t1_rents#c.t1_inst,interaction,17,ECU,Ecuador,22,-.0064063721915138,.0028800664,-2.2243836,.030575652,-.012188346,-.00062439783,-.0064978641,.0028441905,.026446501,.02890289,.000091491886,.014080302,.03216799,1,1,1,1126,1148,52,52
64,ECI,T1,c.t1_rents#c.t1_inst,interaction,32,LBR,Liberia,20,-.0068907009884365,.0028298344,-2.4350193,.018427864,-.01257183,-.0012095715,-.0064978641,.0028441905,.026446501,.02890289,.0003928369,.060456313,.13811906,1,1,1,1128,1148,52,52
46,ECI,T1,c.t1_rents#c.t1_inst,interaction,23,GUY,Guyana,22,-.006613831059709,.0028470859,-2.3230178,.024203999,-.012329594,-.00089806755,-.0064978641,.0028441905,.026446501,.02890289,.00011596698,.017846938,.040773284,1,1,1,1126,1148,52,52
12,ECI,T1,c.t1_rents#c.t1_inst,interaction,6,BDI,Burundi,22,-.0063084675024151,.0028472336,-2.2156479,.031205846,-.012024527,-.00059240754,-.0064978641,.0028441905,.026446501,.02890289,.00018939658,.029147513,.066590682,1,1,1,1126,1148,52,52
62,ECI,T1,c.t1_rents#c.t1_inst,interaction,31,KWT,Kuwait,22,-.0068359798545941,.0031248934,-2.1875882,.033308409,-.013109465,-.00056249468,-.0064978641,.0028441905,.026446501,.02890289,.00033811579,.052034911,.11887944,1,1,1,1126,1148,52,52
50,ECI,T1,c.t1_rents#c.t1_inst,interaction,25,IND,India,22,-.006498089464733,.0028408261,-2.2873943,.026353996,-.012201286,-.00079489301,-.0064978641,.0028441905,.026446501,.02890289,2.2538734e-07,.000034686374,.000079244812,1,1,1,1126,1148,52,52
98,ECI,T1,c.t1_rents#c.t1_inst,interaction,51,VEN,Venezuela,16,-.0069284914570101,.0028708265,-2.4134135,.01943461,-.012691916,-.0011650668,-.0064978641,.0028441905,.026446501,.02890289,.00043062738,.066272147,.15140596,1,1,1,1132,1148,52,52
80,ECI,T1,c.t1_rents#c.t1_inst,interaction,41,PNG,Papua New Guinea,22,-.00637401355182,.0028551288,-2.2324784,.030001745,-.012105924,-.00064210338,-.0064978641,.0028441905,.026446501,.02890289,.00012385052,.019060191,.04354509,1,1,1,1126,1148,52,52
8,ECI,T1,c.t1_rents#c.t1_inst,interaction,4,ATG,Antigua and Barbuda,22,-.0063972680450208,.0028410063,-2.2517612,.028672893,-.012100826,-.00069370976,-.0064978641,.0028441905,.026446501,.02890289,.00010059603,.0154814,.035368949,1,1,1,1126,1148,52,52
18,ECI,T1,c.t1_rents#c.t1_inst,interaction,9,BRN,Brunei,22,-.005781846190804,.0027474621,-2.1044316,.040289223,-.011297607,-.0002660857,-.0064978641,.0028441905,.026446501,.02890289,.00071601791,.11019281,.25174752,1,1,1,1126,1148,52,52
76,ECI,T1,c.t1_rents#c.t1_inst,interaction,39,OMN,Oman,22,-.0068418485074724,.0031904024,-2.1445096,.036779314,-.013246848,-.00043684838,-.0064978641,.0028441905,.026446501,.02890289,.00034398443,.052938078,.12094282,1,1,1,1126,1148,52,52
32,ECI,T1,c.t1_rents#c.t1_inst,interaction,16,DZA,Algeria,22,-.0061285391664874,.0029014091,-2.112263,.039581221,-.011953361,-.00030371745,-.0064978641,.0028441905,.026446501,.02890289,.0003693249,.056837894,.12985238,1,1,1,1126,1148,52,52
24,ECI,T1,c.t1_rents#c.t1_inst,interaction,12,CMR,Cameroon,22,-.006331158239743,.0028328281,-2.2349248,.029830188,-.012018298,-.00064401835,-.0064978641,.0028441905,.026446501,.02890289,.00016670584,.025655482,.058612753,1,1,1,1126,1148,52,52
48,ECI,T1,c.t1_rents#c.t1_inst,interaction,24,IDN,Indonesia,22,-.0065706949066265,.0028526383,-2.3033748,.025369331,-.012297605,-.00084378489,-.0064978641,.0028441905,.026446501,.02890289,.00007283083,.011208426,.025606874,1,1,1,1126,1148,52,52
100,ECI,T1,c.t1_rents#c.t1_inst,interaction,52,VNM,Vietnam,22,-.0062244581528979,.0027993987,-2.2234983,.030639002,-.011844486,-.00060443074,-.0064978641,.0028441905,.026446501,.02890289,.00027340592,.042076275,.096127853,1,1,1,1126,1148,52,52
44,ECI,T1,c.t1_rents#c.t1_inst,interaction,22,GMB,The Gambia,22,-.0062781045570621,.0028778811,-2.1815026,.033780556,-.012055691,-.00050051737,-.0064978641,.0028441905,.026446501,.02890289,.00021975952,.033820271,.077266105,1,1,1,1126,1148,52,52
38,ECI,T1,c.t1_rents#c.t1_inst,interaction,19,GAB,Gabon,22,-.006613610477269,.0028105741,-2.3531172,.022510888,-.012256074,-.00097114756,-.0064978641,.0028441905,.026446501,.02890289,.0001157464,.017812992,.040695727,1,1,1,1126,1148,52,52
39,ECI,T1,t1_rents,rents,20,GHA,Ghana,22,-.0111521558963719,.0039640917,-2.8132939,.0069473125,-.019110402,-.0031939095,-.010926716,.0039141327,.0073191952,.0080008004,.00022544032,.02063203,.05759649,1,1,1,1126,1148,52,52
11,ECI,T1,t1_rents,rents,6,BDI,Burundi,22,-.0103228778454503,.0039052335,-2.6433446,.010878257,-.01816296,-.0024827947,-.010926716,.0039141327,.0073191952,.0080008004,.00060383772,.05526251,.15427114,1,1,1,1126,1148,52,52
75,ECI,T1,t1_rents,rents,39,OMN,Oman,22,-.0113537471840201,.0044337297,-2.5607667,.013446847,-.020254832,-.0024526631,-.010926716,.0039141327,.0073191952,.0080008004,.0004270316,.039081424,.10909992,1,1,1,1126,1148,52,52
59,ECI,T1,t1_rents,rents,30,JOR,Jordan,22,-.0107546307709528,.003945603,-2.7257257,.0087706819,-.018675759,-.0028335024,-.010926716,.0039141327,.0073191952,.0080008004,.00017208481,.015748996,.043964986,1,1,1,1126,1148,52,52
43,ECI,T1,t1_rents,rents,22,GMB,The Gambia,22,-.0103682973359105,.003936369,-2.6339748,.011145275,-.018270887,-.0024657068,-.010926716,.0039141327,.0073191952,.0080008004,.00055841822,.051105771,.14266716,1,1,1,1126,1148,52,52
85,ECI,T1,t1_rents,rents,44,SAU,Saudi Arabia,22,-.0114345061072645,.0041587427,-2.7495103,.0082361344,-.01978353,-.0030854815,-.010926716,.0039141327,.0073191952,.0080008004,.00050779054,.046472386,.12973258,1,1,1,1126,1148,52,52
83,ECI,T1,t1_rents,rents,43,RUS,Russian Federation,22,-.010864407587751,.0039494508,-2.7508655,.0082065975,-.018793261,-.0029355546,-.010926716,.0039141327,.0073191952,.0080008004,.000062307983,.0057023526,.015918721,1,1,1,1126,1148,52,52
91,ECI,T1,t1_rents,rents,48,SYR,Syria,22,-.0111652574463549,.0039145485,-2.8522465,.0062547377,-.019024042,-.0033064731,-.010926716,.0039141327,.0073191952,.0080008004,.00023854188,.021831067,.060943734,1,1,1,1126,1148,52,52
49,ECI,T1,t1_rents,rents,25,IND,India,22,-.0110313497221349,.003928734,-2.8078637,.0070493091,-.018918613,-.0031440873,-.010926716,.0039141327,.0073191952,.0080008004,.00010463415,.0095759928,.026732394,1,1,1,1126,1148,52,52
27,ECI,T1,t1_rents,rents,14,COG,Republic of the Congo,20,-.0099239124705428,.0037118287,-2.6735911,.010055746,-.017375719,-.0024721052,-.010926716,.0039141327,.0073191952,.0080008004,.0010028031,.091775343,.25620058,1,1,1,1128,1148,52,52
63,ECI,T1,t1_rents,rents,32,LBR,Liberia,20,-.0110950043252134,.0039352309,-2.8194036,.0068341889,-.018995309,-.0031946986,-.010926716,.0039141327,.0073191952,.0080008004,.00016828875,.015401586,.042995155,1,1,1,1128,1148,52,52
93,ECI,T1,t1_rents,rents,49,TGO,Togo,22,-.0108251089454976,.0039443867,-2.7444339,.008347637,-.018743796,-.0029064221,-.010926716,.0039141327,.0073191952,.0080008004,.00010160663,.0092989178,.025958911,1,1,1,1126,1148,52,52
103,ECI,T1,t1_rents,rents,54,ZAF,South Africa,22,-.0108669085853521,.0039334306,-2.7627048,.0079526957,-.0187636,-.0029702168,-.010926716,.0039141327,.0073191952,.0080008004,.000059806989,.0054734643,.015279754,1,1,1,1126,1148,52,52
97,ECI,T1,t1_rents,rents,51,VEN,Venezuela,16,-.0117698074438188,.0039693825,-2.965148,.0045923339,-.019738676,-.0038009391,-.010926716,.0039141327,.0073191952,.0080008004,.00084309187,.077158764,.21539684,1,1,1,1132,1148,52,52
15,ECI,T1,t1_rents,rents,8,BOL,Bolivia,22,-.010754883599574,.0039242813,-2.7405996,.0084327776,-.018633207,-.0028765604,-.010926716,.0039141327,.0073191952,.0080008004,.00017183197,.015725859,.043900393,1,1,1,1126,1148,52,52
45,ECI,T1,t1_rents,rents,23,GUY,Guyana,22,-.0112931262729846,.0039769928,-2.8396144,.0064719995,-.019277273,-.0033089798,-.010926716,.0039141327,.0073191952,.0080008004,.00036641071,.033533473,.093612224,1,1,1,1126,1148,52,52
81,ECI,T1,t1_rents,rents,42,QAT,Qatar,22,-.0121723506754541,.0041421279,-2.9386709,.0049403878,-.02048802,-.003856682,-.010926716,.0039141327,.0073191952,.0080008004,.0012456351,.11399904,.31824037,1,1,1,1126,1148,52,52
67,ECI,T1,t1_rents,rents,34,MNG,Mongolia,22,-.0098362152754165,.0039183036,-2.510325,.015275893,-.017702539,-.0019698925,-.010926716,.0039141327,.0073191952,.0080008004,.0010905003,.099801287,.27860585,1,1,1,1126,1148,52,52
65,ECI,T1,t1_rents,rents,33,LBY,Libya,22,-.0129444314682297,.0037780837,-3.4261897,.0012175117,-.020529252,-.0053596119,-.010926716,.0039141327,.0073191952,.0080008004,.0020177159,.18465896,.515495,1,1,1,1126,1148,52,52
17,ECI,T1,t1_rents,rents,9,BRN,Brunei,22,-.0095691418716663,.00374251,-2.5568781,.013580418,-.017082544,-.0020557398,-.010926716,.0039141327,.0073191952,.0080008004,.0013575737,.12424353,.34683895,1,1,1,1126,1148,52,52
1,ECI,T1,t1_rents,rents,1,AGO,Angola,22,-.0105979985880869,.0038839476,-2.7286665,.0087028956,-.018395349,-.0028006481,-.010926716,.0039141327,.0073191952,.0080008004,.000328717,.030083787,.083982073,1,1,1,1126,1148,52,52
23,ECI,T1,t1_rents,rents,12,CMR,Cameroon,22,-.0107210773772532,.0039325715,-2.7262259,.0087591186,-.018616043,-.0028261109,-.010926716,.0039141327,.0073191952,.0080008004,.00020563819,.018819762,.052537356,1,1,1,1126,1148,52,52
57,ECI,T1,t1_rents,rents,29,JAM,Jamaica,22,-.0107669657598909,.0039372309,-2.7346544,.0085663749,-.018671287,-.0028626451,-.010926716,.0039141327,.0073191952,.0080008004,.00015974982,.014620113,.040813588,1,1,1,1126,1148,52,52
69,ECI,T1,t1_rents,rents,35,MRT,Mauritania,22,-.0101584798707381,.0039017631,-2.6035614,.012053818,-.017991597,-.0023253635,-.010926716,.0039141327,.0073191952,.0080008004,.00076823571,.070308015,.19627225,1,1,1,1126,1148,52,52
87,ECI,T1,t1_rents,rents,46,SUR,Suriname,20,-.011868215295984,.0039141644,-3.0321198,.0038113613,-.019726228,-.0040102024,-.010926716,.0039141327,.0073191952,.0080008004,.00094149972,.086164936,.24053851,1,1,1,1128,1148,52,52
53,ECI,T1,t1_rents,rents,27,IRQ,Iraq,22,-.009557045471108,.0036300644,-2.6327481,.011180677,-.016844705,-.0022693868,-.010926716,.0039141327,.0073191952,.0080008004,.0013696701,.12535058,.34992939,1,1,1,1126,1148,52,52
77,ECI,T1,t1_rents,rents,40,PER,Peru,22,-.0107730764040052,.0039286888,-2.7421558,.0083981287,-.018660247,-.0028859046,-.010926716,.0039141327,.0073191952,.0080008004,.00015363916,.014060874,.039252415,1,1,1,1126,1148,52,52
13,ECI,T1,t1_rents,rents,7,BHR,Bahrain,22,-.0105836756863906,.0039217602,-2.6987057,.0094165495,-.018456938,-.0027104139,-.010926716,.0039141327,.0073191952,.0080008004,.00034303989,.031394601,.087641351,1,1,1,1126,1148,52,52
79,ECI,T1,t1_rents,rents,41,PNG,Papua New Guinea,22,-.0109370242594868,.003939318,-2.7763751,.0076685478,-.018845534,-.0030285136,-.010926716,.0039141327,.0073191952,.0080008004,.000010308686,.00094343867,.0026337088,1,1,1,1126,1148,52,52
105,ECI,T1,t1_rents,rents,55,ZMB,Zambia,22,-.0111210240416712,.0039432286,-2.8202839,.0068180296,-.019037386,-.0032046626,-.010926716,.0039141327,.0073191952,.0080008004,.00019430846,.01778288,.049642786,1,1,1,1126,1148,52,52
101,ECI,T1,t1_rents,rents,53,YEM,Yemen,18,-.0117062541506155,.004093878,-2.8594534,.0061338302,-.019925058,-.003487451,-.010926716,.0039141327,.0073191952,.0080008004,.00077953859,.071342446,.19915996,1,1,1,1130,1148,52,52
25,ECI,T1,t1_rents,rents,13,COD,Democratic Republic of the Congo,20,-.0107214793545809,.0039434414,-2.7188127,.0089319255,-.018638268,-.0028046898,-.010926716,.0039141327,.0073191952,.0080008004,.00020523623,.018782975,.052434657,1,1,1,1128,1148,52,52
3,ECI,T1,t1_rents,rents,2,ALB,Albania,22,-.0107800429223287,.0039404454,-2.7357421,.008541788,-.018690817,-.0028692684,-.010926716,.0039141327,.0073191952,.0080008004,.00014667265,.013423307,.03747258,1,1,1,1126,1148,52,52
99,ECI,T1,t1_rents,rents,52,VNM,Vietnam,22,-.0106272791504018,.0039246911,-2.7078001,.0091944346,-.018506425,-.0027481331,-.010926716,.0039141327,.0073191952,.0080008004,.00029943642,.027404064,.07650134,1,1,1,1126,1148,52,52
21,ECI,T1,t1_rents,rents,11,CHL,Chile,22,-.0111308439769012,.0040799435,-2.7281859,.0087139439,-.019321673,-.0029400156,-.010926716,.0039141327,.0073191952,.0080008004,.0002041284,.018681588,.052151628,1,1,1,1126,1148,52,52
61,ECI,T1,t1_rents,rents,31,KWT,Kuwait,22,-.0112017145837349,.0042893337,-2.6115279,.011809519,-.019812912,-.0025905177,-.010926716,.0039141327,.0073191952,.0080008004,.00027499901,.025167583,.070257962,1,1,1,1126,1148,52,52
31,ECI,T1,t1_rents,rents,16,DZA,Algeria,22,-.0108128685707783,.0039525195,-2.7356901,.0085429652,-.018747883,-.0028778543,-.010926716,.0039141327,.0073191952,.0080008004,.000113847,.010419142,.029086135,1,1,1,1126,1148,52,52
71,ECI,T1,t1_rents,rents,36,NGA,Nigeria,22,-.0107213384757928,.0039126682,-2.7401605,.0084425826,-.018576348,-.0028663294,-.010926716,.0039141327,.0073191952,.0080008004,.0002053771,.018795868,.052470651,1,1,1,1126,1148,52,52
95,ECI,T1,t1_rents,rents,50,TTO,Trinidad and Tobago,22,-.0108327024496305,.0039556236,-2.7385573,.0084784552,-.018773949,-.0028914562,-.010926716,.0039141327,.0073191952,.0080008004,.000094013121,.0086039696,.024018889,1,1,1,1126,1148,52,52
5,ECI,T1,t1_rents,rents,3,ARE,United Arab Emirates,22,-.0113106745716828,.00403101,-2.8059158,.0070862323,-.019403264,-.0032180846,-.010926716,.0039141327,.0073191952,.0080008004,.00038395901,.035139471,.098095544,1,1,1,1126,1148,52,52
89,ECI,T1,t1_rents,rents,47,SYC,Seychelles,22,-.0111353062001733,.0039123781,-2.8461733,.0063583343,-.018989732,-.0032808792,-.010926716,.0039141327,.0073191952,.0080008004,.00020859063,.019089965,.053291656,1,1,1,1126,1148,52,52
35,ECI,T1,t1_rents,rents,18,EGY,Egypt,22,-.0109838447252421,.0039285785,-2.7958827,.0072792657,-.018870795,-.0030968941,-.010926716,.0039141327,.0073191952,.0080008004,.000057129153,.0052283918,.014595608,1,1,1,1126,1148,52,52
29,ECI,T1,t1_rents,rents,15,COL,Colombia,22,-.0109407523370295,.0039220899,-2.7895212,.0074041598,-.018814676,-.0030668287,-.010926716,.0039141327,.0073191952,.0080008004,.000014036764,.0012846279,.0035861745,1,1,1,1126,1148,52,52
73,ECI,T1,t1_rents,rents,37,NOR,Norway,22,-.0113352757013598,.003974651,-2.8518922,.0062607378,-.019314719,-.0033558311,-.010926716,.0039141327,.0073191952,.0080008004,.00040856012,.037390936,.10438075,1,1,1,1126,1148,52,52
19,ECI,T1,t1_rents,rents,10,CAF,Central African Republic,22,-.0110478469147717,.0039364975,-2.8065171,.007074818,-.018950695,-.0031449988,-.010926716,.0039141327,.0073191952,.0080008004,.00012113134,.011085796,.030947171,1,1,1,1126,1148,52,52
33,ECI,T1,t1_rents,rents,17,ECU,Ecuador,22,-.0110149546851264,.0039346116,-2.7995024,.0072090696,-.018914018,-.0031158924,-.010926716,.0039141327,.0073191952,.0080008004,.00008823911,.0080755381,.022543719,1,1,1,1126,1148,52,52
41,ECI,T1,t1_rents,rents,21,GIN,Guinea,22,-.0106728528209536,.0039302502,-2.7155659,.0090085976,-.018563159,-.0027825464,-.010926716,.0039141327,.0073191952,.0080008004,.00025386276,.023233216,.064857982,1,1,1,1126,1148,52,52
7,ECI,T1,t1_rents,rents,4,ATG,Antigua and Barbuda,22,-.0107929200509474,.0039425981,-2.7375147,.0085018594,-.018708015,-.0028778245,-.010926716,.0039141327,.0073191952,.0080008004,.00013379552,.012244807,.034182671,1,1,1,1126,1148,52,52
51,ECI,T1,t1_rents,rents,26,IRN,Iran,22,-.0115222564485152,.0039627687,-2.9076281,.005379688,-.019477846,-.0035666667,-.010926716,.0039141327,.0073191952,.0080008004,.00059554086,.054503191,.15215142,1,1,1,1126,1148,52,52
9,ECI,T1,t1_rents,rents,5,AUS,Australia,22,-.0104160765446866,.0039162696,-2.6596935,.010426325,-.018278316,-.0025538374,-.010926716,.0039141327,.0073191952,.0080008004,.00051063905,.046733078,.13046032,1,1,1,1126,1148,52,52
47,ECI,T1,t1_rents,rents,24,IDN,Indonesia,22,-.0110662955944248,.003938911,-2.8094809,.0070187892,-.018973989,-.0031586017,-.010926716,.0039141327,.0073191952,.0080008004,.00013958002,.012774197,.03566052,1,1,1,1126,1148,52,52
55,ECI,T1,t1_rents,rents,28,ISR,Israel,22,-.0112170952279248,.0039310325,-2.8534732,.0062340046,-.019108972,-.0033252183,-.010926716,.0039141327,.0073191952,.0080008004,.00029037966,.0265752,.07418748,1,1,1,1126,1148,52,52
37,ECI,T1,t1_rents,rents,19,GAB,Gabon,22,-.0106880094726564,.0039910935,-2.6779652,.0099416357,-.018700464,-.0026755549,-.010926716,.0039141327,.0073191952,.0080008004,.0002387061,.021846099,.060985692,1,1,1,1126,1148,52,52
287,ECI,T2,t2_ma3_rents,rents,39,OMN,Oman,18,-.0090584023187978,.0058689401,-1.5434477,.12890509,-.020840792,.0027239867,-.0090960683,.0051629413,.083981149,.099009901,.000037666377,.0041409512,.0072955266,1,0,0,915,933,52,52
261,ECI,T2,t2_ma3_rents,rents,25,IND,India,18,-.0092314258123441,.0051764161,-1.7833624,.080478549,-.019623514,.0011606633,-.0090960683,.0051629413,.083981149,.099009901,.00013535711,.014880837,.026217055,1,0,0,915,933,52,52
239,ECI,T2,t2_ma3_rents,rents,14,COG,Republic of the Congo,15,-.0088818558507796,.0051934863,-1.7101915,.093308352,-.019308215,.0015445028,-.0090960683,.0051629413,.083981149,.099009901,.00021421285,.023550047,.041490465,1,0,0,918,933,52,52
263,ECI,T2,t2_ma3_rents,rents,26,IRN,Iran,18,-.0099855206075115,.0052294014,-1.9094959,.061831072,-.020483982,.00051294034,-.0090960683,.0051629413,.083981149,.099009901,.00088945188,.097784214,.1722762,1,0,0,915,933,52,52
311,ECI,T2,t2_ma3_rents,rents,52,VNM,Vietnam,18,-.0087743218062273,.0052070706,-1.6850784,.098083965,-.019227952,.0016793086,-.0090960683,.0051629413,.083981149,.099009901,.00032174689,.035372082,.062318526,1,0,0,915,933,52,52
247,ECI,T2,t2_ma3_rents,rents,18,EGY,Egypt,18,-.0091655303200397,.005187511,-1.7668455,.083237901,-.019579893,.0012488324,-.0090960683,.0051629413,.083981149,.099009901,.000069461625,.0076364446,.013453886,1,0,0,915,933,52,52
229,ECI,T2,t2_ma3_rents,rents,9,BRN,Brunei,18,-.0063922942030825,.004479541,-1.4269975,.15967463,-.015385348,.0026007597,-.0090960683,.0051629413,.083981149,.099009901,.0027037745,.29724649,.52368879,1,0,0,915,933,52,52
277,ECI,T2,t2_ma3_rents,rents,33,LBY,Libya,18,-.011621705733832,.0049906066,-2.328716,.023874996,-.021640766,-.001602645,-.0090960683,.0051629413,.083981149,.099009901,.0025256369,.27766249,.48918569,1,1,0,915,933,52,52
219,ECI,T2,t2_ma3_rents,rents,4,ATG,Antigua and Barbuda,18,-.0087326062808801,.0053654406,-1.6275655,.10978025,-.019504178,.0020389652,-.0090960683,.0051629413,.083981149,.099009901,.0003634624,.039958186,.070398323,1,0,0,915,933,52,52
301,ECI,T2,t2_ma3_rents,rents,47,SYC,Seychelles,18,-.0093075438664902,.0051770802,-1.7978365,.078123741,-.019700967,.0010858782,-.0090960683,.0051629413,.083981149,.099009901,.00021147517,.023249073,.040960211,1,0,0,915,933,52,52
275,ECI,T2,t2_ma3_rents,rents,32,LBR,Liberia,18,-.0092132017670026,.0052191438,-1.7652707,.083505057,-.019691071,.0012646668,-.0090960683,.0051629413,.083981149,.099009901,.00011713307,.012877329,.022687275,1,0,0,915,933,52,52
217,ECI,T2,t2_ma3_rents,rents,3,ARE,United Arab Emirates,18,-.0092618827249122,.005345603,-1.7326171,.089207724,-.019993627,.0014698626,-.0090960683,.0051629413,.083981149,.099009901,.00016581402,.018229198,.032116193,1,0,0,915,933,52,52
313,ECI,T2,t2_ma3_rents,rents,53,YEM,Yemen,13,-.0091876275299565,.0053896373,-1.7046839,.094338924,-.020007776,.0016325205,-.0090960683,.0051629413,.083981149,.099009901,.000091558832,.010065759,.017733851,1,0,0,920,933,52,52
285,ECI,T2,t2_ma3_rents,rents,37,NOR,Norway,18,-.0095278849253282,.0052384101,-1.8188505,.074807979,-.020044433,.00098866224,-.0090960683,.0051629413,.083981149,.099009901,.00043181624,.047472842,.08363764,1,0,0,915,933,52,52
291,ECI,T2,t2_ma3_rents,rents,41,PNG,Papua New Guinea,18,-.009031618001123,.0052237627,-1.7289488,.089868084,-.019518759,.001455523,-.0090960683,.0051629413,.083981149,.099009901,.000064450694,.0070855548,.012483329,1,0,0,915,933,52,52
279,ECI,T2,t2_ma3_rents,rents,34,MNG,Mongolia,18,-.008393748603879,.0052943542,-1.585415,.11905382,-.019022608,.0022351106,-.0090960683,.0051629413,.083981149,.099009901,.00070232007,.077211387,.136031,1,0,0,915,933,52,52
221,ECI,T2,t2_ma3_rents,rents,5,AUS,Australia,18,-.0086172610898404,.0052152239,-1.6523281,.104612,-.019087259,.0018527374,-.0090960683,.0051629413,.083981149,.099009901,.0004788076,.052638963,.092739306,1,0,0,915,933,52,52
317,ECI,T2,t2_ma3_rents,rents,55,ZMB,Zambia,18,-.0092936698952216,.0052082683,-1.7844068,.080306657,-.019749705,.0011623654,-.0090960683,.0051629413,.083981149,.099009901,.0001976012,.021723803,.038272988,1,0,0,915,933,52,52
309,ECI,T2,t2_ma3_rents,rents,51,VEN,Venezuela,11,-.0097804010271558,.0052486272,-1.8634208,.068165764,-.020317459,.00075665768,-.0090960683,.0051629413,.083981149,.099009901,.00068433234,.075233854,.13254699,1,0,0,922,933,52,52
307,ECI,T2,t2_ma3_rents,rents,50,TTO,Trinidad and Tobago,18,-.0088118365079684,.005172336,-1.7036474,.094533913,-.019195734,.0015720609,-.0090960683,.0051629413,.083981149,.099009901,.0002842322,.031247806,.055052377,1,0,0,915,933,52,52
259,ECI,T2,t2_ma3_rents,rents,24,IDN,Indonesia,18,-.0091856155492856,.0051992596,-1.766716,.083259836,-.019623565,.0012523341,-.0090960683,.0051629413,.083981149,.099009901,.000089546855,.0098445667,.017344154,1,0,0,915,933,52,52
283,ECI,T2,t2_ma3_rents,rents,36,NGA,Nigeria,18,-.0087845372713736,.0051622316,-1.7016938,.094902344,-.01914815,.001579075,-.0090960683,.0051629413,.083981149,.099009901,.00031153142,.034249019,.060339913,1,0,0,915,933,52,52
281,ECI,T2,t2_ma3_rents,rents,35,MRT,Mauritania,18,-.007228133202065,.0048423121,-1.4927028,.14167584,-.01694948,.0024932141,-.0090960683,.0051629413,.083981149,.099009901,.0018679355,.20535636,.36179677,1,0,0,915,933,52,52
271,ECI,T2,t2_ma3_rents,rents,30,JOR,Jordan,18,-.0088448519161058,.005185076,-1.7058288,.094123907,-.019254327,.0015646222,-.0090960683,.0051629413,.083981149,.099009901,.00025121678,.027618172,.048657686,1,0,0,915,933,52,52
213,ECI,T2,t2_ma3_rents,rents,1,AGO,Angola,18,-.0093297504270995,.0051519615,-1.8109123,.076046363,-.019672744,.0010132438,-.0090960683,.0051629413,.083981149,.099009901,.00023368173,.02569041,.045261357,1,0,0,915,933,52,52
267,ECI,T2,t2_ma3_rents,rents,28,ISR,Israel,18,-.009394015167154,.0051955264,-1.8080969,.076489702,-.019824469,.0010364397,-.0090960683,.0051629413,.083981149,.099009901,.00029794648,.03275552,.057708669,1,0,0,915,933,52,52
231,ECI,T2,t2_ma3_rents,rents,10,CAF,Central African Republic,18,-.0093737319376459,.0052404786,-1.7887168,.07960061,-.019894432,.0011469676,-.0090960683,.0051629413,.083981149,.099009901,.00027766323,.030525632,.053780049,1,0,0,915,933,52,52
225,ECI,T2,t2_ma3_rents,rents,7,BHR,Bahrain,18,-.0087453627973849,.0051696603,-1.6916707,.096811287,-.01912389,.0016331638,-.0090960683,.0051629413,.083981149,.099009901,.0003507059,.038555767,.067927539,1,0,0,915,933,52,52
245,ECI,T2,t2_ma3_rents,rents,17,ECU,Ecuador,18,-.0092426074344462,.0051791035,-1.7845961,.08027555,-.019640092,.0011548764,-.0090960683,.0051629413,.083981149,.099009901,.00014653873,.016110118,.028382801,1,0,0,915,933,52,52
297,ECI,T2,t2_ma3_rents,rents,44,SAU,Saudi Arabia,18,-.0094170349694585,.0056333975,-1.671644,.10072014,-.020726552,.0018924827,-.0090960683,.0051629413,.083981149,.099009901,.00032096627,.035286263,.062167328,1,0,0,915,933,52,52
289,ECI,T2,t2_ma3_rents,rents,40,PER,Peru,18,-.0090017047743606,.0051733432,-1.7400169,.087887846,-.019387625,.0013842147,-.0090960683,.0051629413,.083981149,.099009901,.000094363924,.010374144,.018277163,1,0,0,915,933,52,52
249,ECI,T2,t2_ma3_rents,rents,19,GAB,Gabon,18,-.0087144576690324,.0052223667,-1.6686798,.10130954,-.019198796,.0017698806,-.0090960683,.0051629413,.083981149,.099009901,.00038161103,.041953404,.073913492,1,0,0,915,933,52,52
215,ECI,T2,t2_ma3_rents,rents,2,ALB,Albania,18,-.0087327037145647,.0051401909,-1.6989065,.095430046,-.019052068,.00158666,-.0090960683,.0051629413,.083981149,.099009901,.00036336499,.039947476,.070379451,1,0,0,915,933,52,52
227,ECI,T2,t2_ma3_rents,rents,8,BOL,Bolivia,18,-.0090549102219537,.0051721102,-1.7507188,.086007752,-.019438354,.0013285339,-.0090960683,.0051629413,.083981149,.099009901,.000041158473,.0045248638,.0079719042,1,0,0,915,933,52,52
223,ECI,T2,t2_ma3_rents,rents,6,BDI,Burundi,18,-.0085499641537658,.0051921844,-1.6466988,.10576911,-.01897371,.0018737813,-.0090960683,.0051629413,.083981149,.099009901,.00054610457,.060037427,.10577392,1,0,0,915,933,52,52
233,ECI,T2,t2_ma3_rents,rents,11,CHL,Chile,18,-.0095087960951898,.0053421282,-1.7799641,.081039943,-.020233566,.0012159735,-.0090960683,.0051629413,.083981149,.099009901,.00041272739,.045374263,.079940364,1,0,0,915,933,52,52
265,ECI,T2,t2_ma3_rents,rents,27,IRQ,Iraq,18,-.0082970001497663,.0049389759,-1.6799029,.099092729,-.018212408,.0016184081,-.0090960683,.0051629413,.083981149,.099009901,.00079906854,.08784768,.15477002,1,0,0,915,933,52,52
237,ECI,T2,t2_ma3_rents,rents,13,COD,Democratic Republic of the Congo,14,-.0087426797246657,.0051725712,-1.6902,.097094014,-.01912705,.00164169,-.0090960683,.0051629413,.083981149,.099009901,.00035338898,.038850736,.068447217,1,0,0,919,933,52,52
315,ECI,T2,t2_ma3_rents,rents,54,ZAF,South Africa,18,-.0089933429915994,.0051944857,-1.731325,.089439861,-.019421708,.0014350221,-.0090960683,.0051629413,.083981149,.099009901,.0001027257,.011293418,.01989674,1,0,0,915,933,52,52
269,ECI,T2,t2_ma3_rents,rents,29,JAM,Jamaica,18,-.0089239377804801,.0051765502,-1.7239161,.090780661,-.019316295,.0014684204,-.0090960683,.0051629413,.083981149,.099009901,.00017213091,.018923661,.033339698,1,0,0,915,933,52,52
273,ECI,T2,t2_ma3_rents,rents,31,KWT,Kuwait,17,-.0092576228080875,.005504034,-1.6819705,.098688707,-.020307433,.0017921868,-.0090960683,.0051629413,.083981149,.099009901,.00016155411,.017760873,.031291101,1,0,0,916,933,52,52
305,ECI,T2,t2_ma3_rents,rents,49,TGO,Togo,18,-.0087527250732044,.0051337904,-1.7049245,.094293699,-.019059239,.0015537891,-.0090960683,.0051629413,.083981149,.099009901,.00034334362,.037746374,.06650155,1,0,0,915,933,52,52
303,ECI,T2,t2_ma3_rents,rents,48,SYR,Syria,17,-.0092790823416101,.0052669924,-1.761742,.084106289,-.019853011,.0012948465,-.0090960683,.0051629413,.083981149,.099009901,.00018301365,.020120082,.035447553,1,0,0,916,933,52,52
241,ECI,T2,t2_ma3_rents,rents,15,COL,Colombia,18,-.0090960751700145,.0051746368,-1.7578191,.084778927,-.019484593,.0012924416,-.0090960683,.0051629413,.083981149,.099009901,6.4747425e-09,7.1181768e-07,1.2540802e-06,1,0,0,915,933,52,52
257,ECI,T2,t2_ma3_rents,rents,23,GUY,Guyana,18,-.0097381945868141,.0052360115,-1.8598497,.068678916,-.020249927,.00077353732,-.0090960683,.0051629413,.083981149,.099009901,.0006421259,.070593782,.12437211,1,0,0,915,933,52,52
253,ECI,T2,t2_ma3_rents,rents,21,GIN,Guinea,18,-.0089257216530274,.0051683858,-1.7269844,.090223372,-.019301688,.0014502457,-.0090960683,.0051629413,.083981149,.099009901,.00017034705,.018727547,.032994185,1,0,0,915,933,52,52
235,ECI,T2,t2_ma3_rents,rents,12,CMR,Cameroon,18,-.0089920707456265,.0051918393,-1.7319624,.089325279,-.019415123,.0014309817,-.0090960683,.0051629413,.083981149,.099009901,.00010399795,.011433286,.020143159,1,0,0,915,933,52,52
243,ECI,T2,t2_ma3_rents,rents,16,DZA,Algeria,18,-.0095439235990624,.0052325833,-1.823941,.0740228,-.020048773,.00096092594,-.0090960683,.0051629413,.083981149,.099009901,.00044785489,.049236096,.086744137,1,0,0,915,933,52,52
293,ECI,T2,t2_ma3_rents,rents,42,QAT,Qatar,18,-.0119119145543076,.0050615035,-2.3534338,.022493655,-.022073308,-.0017505218,-.0090960683,.0051629413,.083981149,.099009901,.0028158459,.30956736,.54539567,1,1,0,915,933,52,52
251,ECI,T2,t2_ma3_rents,rents,20,GHA,Ghana,18,-.0093545135782159,.0052562412,-1.7796963,.081084304,-.019906858,.0011978312,-.0090960683,.0051629413,.083981149,.099009901,.0002584449,.028412811,.050057683,1,0,0,915,933,52,52
299,ECI,T2,t2_ma3_rents,rents,46,SUR,Suriname,18,-.0101024864317437,.0052395286,-1.9281288,.059415553,-.020621279,.00041630625,-.0090960683,.0051629413,.083981149,.099009901,.0010064178,.11064316,.19493107,1,0,0,915,933,52,52
295,ECI,T2,t2_ma3_rents,rents,43,RUS,Russian Federation,18,-.0088717319271207,.0051646694,-1.7177734,.091904856,-.019240238,.0014967744,-.0090960683,.0051629413,.083981149,.099009901,.00022433676,.024663046,.04345135,1,0,0,915,933,52,52
255,ECI,T2,t2_ma3_rents,rents,22,GMB,The Gambia,18,-.0082823766390297,.0051475046,-1.6090081,.11378808,-.018616423,.0020516703,-.0090960683,.0051629413,.083981149,.099009901,.00081369205,.089455359,.15760241,1,0,0,915,933,52,52
256,ECI,T2,t2_ma3_rents_x_inst,interaction,22,GMB,The Gambia,18,-.008633269707409,.0032734615,-2.6373518,.011048356,-.015205018,-.0020615216,-.0088510616,.0032580355,.0089331223,.02090209,.00021779176,.024606287,.06684757,1,1,1,915,933,52,52
266,ECI,T2,t2_ma3_rents_x_inst,interaction,27,IRQ,Iraq,18,-.0066117960534396,.0029489954,-2.2420502,.02933545,-.012532151,-.0006914406,-.0088510616,.0032580355,.0089331223,.02090209,.0022392655,.252994,.68730539,1,1,1,915,933,52,52
294,ECI,T2,t2_ma3_rents_x_inst,interaction,42,QAT,Qatar,18,-.0106862705108948,.0032988845,-3.2393587,.0021106612,-.017309058,-.0040634833,-.0088510616,.0032580355,.0089331223,.02090209,.0018352091,.20734338,.56328702,1,1,1,915,933,52,52
242,ECI,T2,t2_ma3_rents_x_inst,interaction,15,COL,Colombia,18,-.008846567837127,.003262355,-2.7117121,.0091003822,-.015396019,-.0022971169,-.0088510616,.0032580355,.0089331223,.02090209,4.4936282e-06,.00050769368,.0013792447,1,1,1,915,933,52,52
306,ECI,T2,t2_ma3_rents_x_inst,interaction,49,TGO,Togo,18,-.0088580955156066,.0032847312,-2.696749,.0094649745,-.015452469,-.0022637225,-.0088510616,.0032580355,.0089331223,.02090209,7.0340502e-06,.00079471263,.0021589852,1,1,1,915,933,52,52
296,ECI,T2,t2_ma3_rents_x_inst,interaction,43,RUS,Russian Federation,18,-.0085759626502036,.0032789004,-2.6154995,.011689418,-.01515863,-.0019932953,-.0088510616,.0032580355,.0089331223,.02090209,.00027509881,.031080885,.08443702,1,1,1,915,933,52,52
280,ECI,T2,t2_ma3_rents_x_inst,interaction,34,MNG,Mongolia,18,-.0087222521463344,.0032473118,-2.6859915,.0097353263,-.015241503,-.0022030014,-.0088510616,.0032580355,.0089331223,.02090209,.00012880932,.01455298,.039535884,1,1,1,915,933,52,52
312,ECI,T2,t2_ma3_rents_x_inst,interaction,52,VNM,Vietnam,18,-.0086378609817472,.0032424713,-2.6639745,.01031086,-.015147394,-.0021283282,-.0088510616,.0032580355,.0089331223,.02090209,.00021320049,.024087561,.065438353,1,1,1,915,933,52,52
300,ECI,T2,t2_ma3_rents_x_inst,interaction,46,SUR,Suriname,18,-.0092587536157671,.0033015702,-2.8043487,.00711607,-.015886933,-.0026305751,-.0088510616,.0032580355,.0089331223,.02090209,.00040769216,.046061385,.12513435,1,1,1,915,933,52,52
224,ECI,T2,t2_ma3_rents_x_inst,interaction,6,BDI,Burundi,18,-.0086900197792085,.0032656449,-2.6610425,.010389811,-.015246076,-.0021339643,-.0088510616,.0032580355,.0089331223,.02090209,.00016104168,.018194618,.049429078,1,1,1,915,933,52,52
282,ECI,T2,t2_ma3_rents_x_inst,interaction,35,MRT,Mauritania,18,-.0091762387335262,.0030774823,-2.9817357,.0043860753,-.015354542,-.0029979351,-.0088510616,.0032580355,.0089331223,.02090209,.00032517727,.036738787,.099807777,1,1,1,915,933,52,52
272,ECI,T2,t2_ma3_rents_x_inst,interaction,30,JOR,Jordan,18,-.008801826548671,.0032603864,-2.6996269,.009393828,-.015347325,-.0022563278,-.0088510616,.0032580355,.0089331223,.02090209,.000049234917,.0055626002,.015111841,1,1,1,915,933,52,52
274,ECI,T2,t2_ma3_rents_x_inst,interaction,31,KWT,Kuwait,17,-.0091877323978125,.0035303403,-2.6025062,.012086523,-.016275186,-.0021002784,-.0088510616,.0032580355,.0089331223,.02090209,.00033667093,.038037352,.10333556,1,1,1,916,933,52,52
216,ECI,T2,t2_ma3_rents_x_inst,interaction,2,ALB,Albania,18,-.0089838830565565,.0032610828,-2.7548773,.0081197377,-.01553078,-.0024369862,-.0088510616,.0032580355,.0089331223,.02090209,.00013282159,.01500629,.040767387,1,1,1,915,933,52,52
264,ECI,T2,t2_ma3_rents_x_inst,interaction,26,IRN,Iran,18,-.0093600289009302,.0032443735,-2.8850036,.005722438,-.01587338,-.0028466776,-.0088510616,.0032580355,.0089331223,.02090209,.00050896744,.057503548,.15621912,1,1,1,915,933,52,52
316,ECI,T2,t2_ma3_rents_x_inst,interaction,54,ZAF,South Africa,18,-.008814557904152,.0032667792,-2.698241,.0094280271,-.015372891,-.0022562249,-.0088510616,.0032580355,.0089331223,.02090209,.000036503559,.0041242014,.011204163,1,1,1,915,933,52,52
244,ECI,T2,t2_ma3_rents_x_inst,interaction,16,DZA,Algeria,18,-.0088022768397433,.003329973,-2.6433477,.010878168,-.015487476,-.0021170771,-.0088510616,.0032580355,.0089331223,.02090209,.000048784626,.0055117258,.014973632,1,1,1,915,933,52,52
278,ECI,T2,t2_ma3_rents_x_inst,interaction,33,LBY,Libya,18,-.008087377902764,.0037066552,-2.1818533,.033753183,-.015528799,-.00064595696,-.0088510616,.0032580355,.0089331223,.02090209,.00076368358,.086281583,.23440002,1,1,1,915,933,52,52
228,ECI,T2,t2_ma3_rents_x_inst,interaction,8,BOL,Bolivia,18,-.0088364851601063,.0032683611,-2.703644,.009295336,-.015397994,-.0022749763,-.0088510616,.0032580355,.0089331223,.02090209,.000014576305,.0016468426,.0044739554,1,1,1,915,933,52,52
288,ECI,T2,t2_ma3_rents_x_inst,interaction,39,OMN,Oman,18,-.0088568540959287,.0037491817,-2.3623433,.022013575,-.01638365,-.0013300577,-.0088510616,.0032580355,.0089331223,.02090209,5.7926309e-06,.00065445603,.001777952,1,1,1,915,933,52,52
214,ECI,T2,t2_ma3_rents_x_inst,interaction,1,AGO,Angola,18,-.0095564936323874,.0032679716,-2.924289,.005139587,-.016117221,-.0029957669,-.0088510616,.0032580355,.0089331223,.02090209,.00070543215,.079700291,.21652071,1,1,1,915,933,52,52
232,ECI,T2,t2_ma3_rents_x_inst,interaction,10,CAF,Central African Republic,18,-.0088992848444343,.0032696032,-2.7218242,.0088613536,-.015463287,-.0023352823,-.0088510616,.0032580355,.0089331223,.02090209,.000048223381,.0054483158,.014801367,1,1,1,915,933,52,52
252,ECI,T2,t2_ma3_rents_x_inst,interaction,20,GHA,Ghana,18,-.0089180660734006,.0032807095,-2.7183347,.0089431787,-.015504365,-.002331767,-.0088510616,.0032580355,.0089331223,.02090209,.000067004607,.0075702341,.020565953,1,1,1,915,933,52,52
262,ECI,T2,t2_ma3_rents_x_inst,interaction,25,IND,India,18,-.0088379460451234,.0032592325,-2.7116649,.0091015156,-.015381129,-.0022947639,-.0088510616,.0032580355,.0089331223,.02090209,.00001311542,.0014817907,.0040255608,1,1,1,915,933,52,52
236,ECI,T2,t2_ma3_rents_x_inst,interaction,12,CMR,Cameroon,18,-.0087092039072605,.0032652558,-2.6672349,.010223713,-.015264479,-.0021539293,-.0088510616,.0032580355,.0089331223,.02090209,.00014185756,.01602718,.043540828,1,1,1,915,933,52,52
314,ECI,T2,t2_ma3_rents_x_inst,interaction,53,YEM,Yemen,13,-.0086433516128278,.0033471107,-2.5823321,.012727517,-.015362957,-.0019237463,-.0088510616,.0032580355,.0089331223,.02090209,.00020770985,.023467226,.063753098,1,1,1,920,933,52,52
254,ECI,T2,t2_ma3_rents_x_inst,interaction,21,GIN,Guinea,18,-.0086881022993391,.0032584555,-2.6663253,.010247954,-.015229724,-.0021464799,-.0088510616,.0032580355,.0089331223,.02090209,.00016295917,.018411256,.050017614,1,1,1,915,933,52,52
246,ECI,T2,t2_ma3_rents_x_inst,interaction,17,ECU,Ecuador,18,-.0086899604042983,.003303885,-2.6302249,.011253812,-.015322786,-.0020571346,-.0088510616,.0032580355,.0089331223,.02090209,.00016110107,.018201327,.049447302,1,1,1,915,933,52,52
308,ECI,T2,t2_ma3_rents_x_inst,interaction,50,TTO,Trinidad and Tobago,18,-.0086491675699657,.0032677085,-2.6468604,.010779588,-.015209366,-.0020889691,-.0088510616,.0032580355,.0089331223,.02090209,.0002018939,.022810133,.061967984,1,1,1,915,933,52,52
230,ECI,T2,t2_ma3_rents_x_inst,interaction,9,BRN,Brunei,18,-.0072492276447861,.0027744467,-2.6128552,.011769256,-.012819162,-.0016792933,-.0088510616,.0032580355,.0089331223,.02090209,.0016018339,.18097647,.49165633,1,1,1,915,933,52,52
234,ECI,T2,t2_ma3_rents_x_inst,interaction,11,CHL,Chile,18,-.009365431898798,.0034229911,-2.7360375,.0085351244,-.016237373,-.0024934905,-.0088510616,.0032580355,.0089331223,.02090209,.00051437045,.058113981,.15787748,1,1,1,915,933,52,52
238,ECI,T2,t2_ma3_rents_x_inst,interaction,13,COD,Democratic Republic of the Congo,14,-.0084786983063211,.0032587738,-2.6018064,.012108255,-.01502096,-.0019364369,-.0088510616,.0032580355,.0089331223,.02090209,.00037236317,.042069886,.1142907,1,1,1,919,933,52,52
318,ECI,T2,t2_ma3_rents_x_inst,interaction,55,ZMB,Zambia,18,-.0088091756157731,.0032700622,-2.6938863,.0095362375,-.015374099,-.0022442518,-.0088510616,.0032580355,.0089331223,.02090209,.000041885851,.0047322968,.012856168,1,1,1,915,933,52,52
276,ECI,T2,t2_ma3_rents_x_inst,interaction,32,LBR,Liberia,18,-.0091372754679825,.0032874418,-2.7794485,.0076059676,-.01573709,-.0025374608,-.0088510616,.0032580355,.0089331223,.02090209,.000286214,.032336686,.087848641,1,1,1,915,933,52,52
240,ECI,T2,t2_ma3_rents_x_inst,interaction,14,COG,Republic of the Congo,15,-.0094519466183879,.0032128885,-2.9418843,.0048968731,-.015902089,-.0030018035,-.0088510616,.0032580355,.0089331223,.02090209,.00060088513,.067888483,.18443173,1,1,1,918,933,52,52
310,ECI,T2,t2_ma3_rents_x_inst,interaction,51,VEN,Venezuela,11,-.0089480404794803,.0033314885,-2.6858988,.00973769,-.015636282,-.0022597983,-.0088510616,.0032580355,.0089331223,.02090209,.000096979013,.010956767,.029766101,1,1,1,922,933,52,52
302,ECI,T2,t2_ma3_rents_x_inst,interaction,47,SYC,Seychelles,18,-.0087281978980353,.0032470617,-2.6880295,.009683568,-.015246946,-.0022094497,-.0088510616,.0032580355,.0089331223,.02090209,.00012286357,.013881224,.037710935,1,1,1,915,933,52,52
292,ECI,T2,t2_ma3_rents_x_inst,interaction,41,PNG,Papua New Guinea,18,-.0089106573848659,.0032386209,-2.751374,.0081955427,-.01541246,-.0024088544,-.0088510616,.0032580355,.0089331223,.02090209,.000059595921,.0067331945,.01829198,1,1,1,915,933,52,52
226,ECI,T2,t2_ma3_rents_x_inst,interaction,7,BHR,Bahrain,18,-.0084324128045624,.003266956,-2.5811222,.012766926,-.014991101,-.001873725,-.0088510616,.0032580355,.0089331223,.02090209,.00041864865,.047299262,.12849727,1,1,1,915,933,52,52
248,ECI,T2,t2_ma3_rents_x_inst,interaction,18,EGY,Egypt,18,-.0088859666848254,.0032691217,-2.7181511,.0089475028,-.015449002,-.0023229308,-.0088510616,.0032580355,.0089331223,.02090209,.000034905221,.0039436198,.010713578,1,1,1,915,933,52,52
284,ECI,T2,t2_ma3_rents_x_inst,interaction,36,NGA,Nigeria,18,-.0089660185280772,.0032331492,-2.7731533,.0077346601,-.015456837,-.0024752007,-.0088510616,.0032580355,.0089331223,.02090209,.00011495706,.012987941,.035284165,1,1,1,915,933,52,52
258,ECI,T2,t2_ma3_rents_x_inst,interaction,23,GUY,Guyana,18,-.009053283100014,.0032702922,-2.7683408,.0078343926,-.015618669,-.0024878979,-.0088510616,.0032580355,.0089331223,.02090209,.00020222164,.022847163,.062068578,1,1,1,915,933,52,52
218,ECI,T2,t2_ma3_rents_x_inst,interaction,3,ARE,United Arab Emirates,18,-.009018357084072,.0034572377,-2.6085441,.011900484,-.015959052,-.0020776626,-.0088510616,.0032580355,.0089331223,.02090209,.00016729561,.018901194,.051348619,1,1,1,915,933,52,52
220,ECI,T2,t2_ma3_rents_x_inst,interaction,4,ATG,Antigua and Barbuda,18,-.0085751330307145,.0033661879,-2.5474315,.013909956,-.015333037,-.0018172291,-.0088510616,.0032580355,.0089331223,.02090209,.00027592844,.031174615,.084691659,1,1,1,915,933,52,52
260,ECI,T2,t2_ma3_rents_x_inst,interaction,24,IDN,Indonesia,18,-.0089004577540735,.0032848767,-2.7095256,.0091528418,-.015495123,-.0023057926,-.0088510616,.0032580355,.0089331223,.02090209,.000049396287,.0055808323,.015161372,1,1,1,915,933,52,52
268,ECI,T2,t2_ma3_rents_x_inst,interaction,28,ISR,Israel,18,-.0089149205917091,.0032563405,-2.7377114,.0084974403,-.015452297,-.0023775441,-.0088510616,.0032580355,.0089331223,.02090209,.00006385913,.0072148549,.019600501,1,1,1,915,933,52,52
290,ECI,T2,t2_ma3_rents_x_inst,interaction,40,PER,Peru,18,-.0088351986219518,.0032702719,-2.7016709,.0093435915,-.015400544,-.0022698538,-.0088510616,.0032580355,.0089331223,.02090209,.000015862843,.0017921968,.0048688371,1,1,1,915,933,52,52
298,ECI,T2,t2_ma3_rents_x_inst,interaction,44,SAU,Saudi Arabia,18,-.0088784425462121,.0033867441,-2.6215274,.011509272,-.015677614,-.0020792701,-.0088510616,.0032580355,.0089331223,.02090209,.00002738108,.0030935365,.0084041692,1,1,1,915,933,52,52
250,ECI,T2,t2_ma3_rents_x_inst,interaction,19,GAB,Gabon,18,-.0090732043028155,.0031683363,-2.8637125,.0060634022,-.015433905,-.0027125038,-.0088510616,.0032580355,.0089331223,.02090209,.00022214284,.025097875,.068183064,1,1,1,915,933,52,52
304,ECI,T2,t2_ma3_rents_x_inst,interaction,48,SYR,Syria,17,-.0088294592534628,.0033559932,-2.6309526,.011232673,-.015566897,-.0020920218,-.0088510616,.0032580355,.0089331223,.02090209,.000021602213,.0024406351,.0066304407,1,1,1,916,933,52,52
222,ECI,T2,t2_ma3_rents_x_inst,interaction,5,AUS,Australia,18,-.0086806872133788,.0033205512,-2.6142309,.011727664,-.015346972,-.0020144025,-.0088510616,.0032580355,.0089331223,.02090209,.00017037425,.019249018,.052293554,1,1,1,915,933,52,52
270,ECI,T2,t2_ma3_rents_x_inst,interaction,29,JAM,Jamaica,18,-.0088591068132687,.0032628567,-2.7151382,.0090187425,-.015409565,-.0023086485,-.0088510616,.0032580355,.0089331223,.02090209,8.0453483e-06,.00090896984,.0024693862,1,1,1,915,933,52,52
286,ECI,T2,t2_ma3_rents_x_inst,interaction,37,NOR,Norway,18,-.0095790217414817,.003301848,-2.9011092,.0054764347,-.016207758,-.0029502853,-.0088510616,.0032580355,.0089331223,.02090209,.00072796026,.082245536,.22343534,1,1,1,915,933,52,52
